"id","dataset_version","observation_text","age_group","setting","antecedent","behavior","consequence","consequence_present","possible_trigger","emotion_context","caregiver_response","suggested_followup_question","general_support_idea","category","risk_level","difficulty_level","ambiguity_level","split","synthetic_flag","review_status"
"1","v1","My child cried when screen time ended and refused to give back the tablet.","6-8","home","Screen time ended","Cried and refused to give back the tablet","Not clearly mentioned","no","Transition from preferred screen activity","Frustration","Not specified","Was the child given a warning or countdown before screen time ended?","A visual timer or short countdown may help prepare for the transition.","screen-time ending","low","easy","low","train","yes","draft"
"2","v1","My child yelled after I turned off the TV before dinner.","6-8","home","TV was turned off before dinner","Yelled","Not clearly mentioned","no","Stopping a preferred activity","Frustration","Caregiver turned off TV","Was the child told what would happen after TV time?","A first-then reminder may help, such as first dinner, then another preferred activity later.","screen-time ending","low","easy","low","train","yes","draft"
"3","v1","My child threw the remote when the video game time was over.","9-12","home","Video game time was over","Threw the remote","Not clearly mentioned","no","Transition away from video game","Frustration","Not specified","Was there a clear time limit before the game started?","Setting the game time limit before play starts may help reduce surprise.","screen-time ending","moderate","easy","low","train","yes","draft"
"4","v1","My child cried and hid under the blanket when the tablet battery died.","3-5","home","Tablet battery died","Cried and hid under the blanket","Not clearly mentioned","no","Unexpected end of screen activity","Disappointment","Not specified","Was there another calming activity available after the tablet stopped?","Having a simple backup activity ready may help with unexpected changes.","screen-time ending","low","medium","low","train","yes","draft"
"5","v1","My child screamed when I asked for the phone back after a cartoon ended.","3-5","home","Cartoon ended and caregiver asked for the phone back","Screamed","Not clearly mentioned","no","Transition from phone-based activity","Frustration","Caregiver asked for phone back","Was the child prepared before the cartoon ended?","A short warning before the last video ends may help the child prepare.","screen-time ending","low","medium","low","train","yes","draft"
"6","v1","My child refused to leave the couch after tablet time ended.","6-8","home","Tablet time ended","Refused to leave the couch","Not clearly mentioned","no","Stopping preferred screen time","Frustration","Not specified","What activity was expected after tablet time?","A clear next step may help, such as tablet done, then snack or bath.","screen-time ending","low","easy","low","train","yes","draft"
"7","v1","My child cried after I paused the movie and said it was time to brush teeth.","6-8","home","Movie was paused and caregiver said it was time to brush teeth","Cried","Not clearly mentioned","no","Transition from movie to bedtime task","Frustration","Caregiver paused movie","Was toothbrushing shown as the next step before the movie started?","A bedtime routine chart may help show what comes after screen time.","screen-time ending","low","medium","low","train","yes","draft"
"8","v1","My child shouted no when the iPad timer went off.","3-5","home","iPad timer went off","Shouted no","Not clearly mentioned","no","Timer signaled end of screen time","Frustration","Not specified","Did the child understand what the timer meant?","Using the same timer routine each day may help make the ending more predictable.","screen-time ending","low","easy","low","train","yes","draft"
"9","v1","My child pushed my hand away when I reached for the tablet at the end of screen time.","6-8","home","Caregiver reached for the tablet at the end of screen time","Pushed caregiver's hand away","Not clearly mentioned","no","Transition away from tablet","Frustration","Caregiver reached for tablet","Was the child given a chance to close the activity independently?","Offering a choice, such as you close it or I close it, may support cooperation.","screen-time ending","moderate","medium","low","train","yes","draft"
"10","v1","My child cried for several minutes after YouTube was turned off.","6-8","home","YouTube was turned off","Cried for several minutes","Not clearly mentioned","no","Stopping preferred video activity","Frustration","Caregiver turned off YouTube","Was there a calming activity planned after screen time?","A predictable after-screen routine may help the child settle.","screen-time ending","low","easy","low","train","yes","draft"
"11","v1","My child kicked the chair after I said computer time was finished.","9-12","home","Caregiver said computer time was finished","Kicked the chair","Not clearly mentioned","no","Ending computer time","Frustration","Caregiver gave instruction","Was the end time agreed on before computer time started?","Agreeing on the end time before computer use may help set expectations.","screen-time ending","moderate","medium","low","train","yes","draft"
"12","v1","My child got upset when the tablet was taken away and then ran to another room.","6-8","home","Tablet was taken away","Got upset and ran to another room","Not clearly mentioned","no","Transition from tablet activity","Frustration","Tablet was taken away","Was the tablet removed suddenly or after a warning?","A countdown and a clear next activity may help reduce sudden changes.","screen-time ending","moderate","medium","low","train","yes","draft"
"13","v1","My child cried when screen time ended, but calmed down after choosing a book.","3-5","home","Screen time ended","Cried","Calmed down after choosing a book","yes","Transition from screen to non-screen activity","Frustration followed by calming","Caregiver allowed book choice","What non-screen choices help the child calm after screen time?","Offering two calm choices after screen time may support the transition.","screen-time ending","low","medium","low","validation","yes","draft"
"14","v1","My child yelled when I closed the game, then stopped after I showed the visual schedule.","6-8","home","Game was closed","Yelled","Stopped after caregiver showed visual schedule","yes","Transition away from game","Frustration","Caregiver showed visual schedule","Did the visual schedule help because it showed what came next?","Using the visual schedule before closing the game may make the change easier.","screen-time ending","low","medium","low","validation","yes","draft"
"15","v1","My child cried after tablet time ended because the next activity was not clear.","6-8","home","Tablet time ended and next activity was unclear","Cried","Not clearly mentioned","no","Unclear transition after screen time","Uncertainty and frustration","Not specified","What was the child expected to do after tablet time?","Naming the next activity before screen time ends may help.","screen-time ending","low","medium","medium","validation","yes","draft"
"16","v1","My child refused to hand over the phone when the last video finished.","3-5","home","Last video finished","Refused to hand over the phone","Not clearly mentioned","no","Ending phone video activity","Frustration","Not specified","Was the last video clearly identified before it started?","Saying this is the last video before starting it may help set expectations.","screen-time ending","low","easy","low","test","yes","draft"
"17","v1","My child became upset when the TV was turned off, and it was hard to tell if hunger or tiredness also played a role.","6-8","home","TV was turned off","Became upset","Not clearly mentioned","no","Ending TV time with possible hunger or tiredness","Frustration or tiredness","Not specified","Was the child hungry or tired before TV was turned off?","Checking basic needs before transitions may help understand the situation.","screen-time ending","low","complex","medium","test","yes","draft"
"18","v1","My child cried after screen time ended and kept asking for one more show.","3-5","home","Screen time ended","Cried and kept asking for one more show","Not clearly mentioned","no","Difficulty stopping preferred show","Frustration","Not specified","Was there a clear rule about how many shows were allowed?","Using a simple show limit and reminder may help reduce repeated requests.","screen-time ending","low","easy","low","test","yes","draft"
"19","v1","My child threw a cushion when the tablet was put away before leaving the house.","6-8","home","Tablet was put away before leaving the house","Threw a cushion","Not clearly mentioned","no","Transition from tablet to leaving home","Frustration","Caregiver put tablet away","Was leaving the house explained before tablet time ended?","A leaving-home routine with a countdown may support the transition.","screen-time ending","moderate","medium","low","test","yes","draft"
"20","v1","My child cried when the screen went dark during a game and did not know what happened.","6-8","home","Screen went dark during a game","Cried","Not clearly mentioned","no","Unexpected interruption of screen activity","Confusion or frustration","Not specified","Did the child understand why the screen stopped?","A simple explanation and a calm next step may help when technology stops unexpectedly.","screen-time ending","low","medium","medium","test","yes","draft"
"21","v1","My child cried when it was time to leave the playground.","3-5","playground","It was time to leave the playground","Cried","Not clearly mentioned","no","Transition away from preferred play activity","Frustration","Not specified","Was the child given a warning before leaving?","A short countdown before leaving may help prepare for the transition.","transition difficulty","low","easy","low","train","yes","draft"
"22","v1","My child ran away when I said it was time to stop playing and get in the car.","3-5","home","Caregiver said it was time to stop playing and get in the car","Ran away","Not clearly mentioned","no","Transition from play to car ride","Frustration","Caregiver gave instruction","Was the child told where they were going next?","Explaining the next step in simple words may help the child understand the change.","transition difficulty","moderate","medium","low","train","yes","draft"
"23","v1","My child yelled when we had to leave grandma's house.","6-8","relative home","It was time to leave grandma's house","Yelled","Not clearly mentioned","no","Leaving a preferred place","Disappointment","Not specified","Was the child prepared before the visit ended?","A reminder before leaving may help make the goodbye easier.","transition difficulty","low","easy","low","train","yes","draft"
"24","v1","My child refused to put on shoes when it was time to go to school.","6-8","home","It was time to go to school","Refused to put on shoes","Not clearly mentioned","no","Transition from home to school","Avoidance or frustration","Not specified","Was the morning routine rushed or different than usual?","A simple morning checklist may help the child know what comes next.","transition difficulty","low","medium","low","train","yes","draft"
"25","v1","My child cried after being told to stop playing blocks and come to the table.","3-5","home","Caregiver told child to stop playing blocks and come to the table","Cried","Not clearly mentioned","no","Transition from preferred play to table activity","Frustration","Caregiver gave instruction","Was the child allowed to finish part of the block activity first?","Letting the child finish one small step before moving may help with transitions.","transition difficulty","low","medium","low","train","yes","draft"
"26","v1","My child dropped to the floor when it was time to leave the library.","3-5","library","It was time to leave the library","Dropped to the floor","Not clearly mentioned","no","Leaving a preferred public place","Frustration","Not specified","Was the child given a clear leaving routine?","Using the same leaving routine each time may make the transition more predictable.","transition difficulty","moderate","medium","low","train","yes","draft"
"27","v1","My child got upset when the playdate ended and the other child went home.","6-8","home","Playdate ended and the other child went home","Got upset","Not clearly mentioned","no","Ending a social play activity","Disappointment","Not specified","Was the ending of the playdate explained ahead of time?","A goodbye routine or planned next activity may help after a playdate ends.","transition difficulty","low","medium","low","train","yes","draft"
"28","v1","My child screamed when we moved from the toy aisle to the checkout line.","3-5","store","Moved from toy aisle to checkout line","Screamed","Not clearly mentioned","no","Transition away from preferred store area","Frustration","Not specified","Was the child told the shopping steps before entering the store?","A simple store plan may help, such as toys, then checkout, then car.","transition difficulty","moderate","medium","low","train","yes","draft"
"29","v1","My child refused to come inside after playing in the backyard.","6-8","home","It was time to come inside after backyard play","Refused to come inside","Not clearly mentioned","no","Transition from outdoor play to indoor activity","Frustration","Not specified","Was the child given a countdown before coming inside?","A timer or countdown may help the child prepare to come inside.","transition difficulty","low","easy","low","train","yes","draft"
"30","v1","My child cried when music class ended and it was time to walk to the car.","3-5","community class","Music class ended and it was time to walk to the car","Cried","Not clearly mentioned","no","Transition from class to leaving","Disappointment","Not specified","Was there a familiar closing routine after class?","A consistent after-class routine may help the child know what happens next.","transition difficulty","low","medium","low","train","yes","draft"
"31","v1","My child yelled after the bath ended because they wanted to keep playing with bath toys.","3-5","home","Bath ended while child wanted to keep playing with bath toys","Yelled","Not clearly mentioned","no","Transition from bath play to next routine step","Frustration","Not specified","Was the child told how many more minutes of bath play remained?","A bath countdown or last toy turn may help prepare for the end.","transition difficulty","low","medium","low","train","yes","draft"
"32","v1","My child became upset when we changed from free play to reading time.","6-8","home","Activity changed from free play to reading time","Became upset","Not clearly mentioned","no","Transition from preferred activity to structured task","Frustration","Not specified","Was reading time shown as part of the daily routine?","A visual routine may help show when play ends and reading begins.","transition difficulty","low","medium","low","train","yes","draft"
"33","v1","My child cried when it was time to leave the birthday party, but calmed after holding a balloon in the car.","3-5","birthday party","It was time to leave the birthday party","Cried","Calmed after holding a balloon in the car","yes","Leaving an exciting event","Disappointment followed by calming","Caregiver allowed child to hold balloon","What helped the child calm after leaving?","A small transition object may help some children move away from an exciting place.","transition difficulty","low","medium","low","validation","yes","draft"
"34","v1","My child refused to move from the couch to the dinner table until I showed the dinner routine card.","6-8","home","It was time to move from couch to dinner table","Refused to move","Moved after caregiver showed dinner routine card","yes","Transition to mealtime","Frustration or uncertainty","Caregiver showed routine card","Did the routine card help because it made the next step clear?","Showing the routine card before the transition may make it easier.","transition difficulty","low","medium","low","validation","yes","draft"
"35","v1","My child got upset when plans changed from going to the park to staying home because of rain.","6-8","home","Plans changed from park visit to staying home because of rain","Got upset","Not clearly mentioned","no","Unexpected change in plan","Disappointment","Not specified","Was the change explained with an alternative activity?","Offering a simple replacement activity may help when plans change.","transition difficulty","low","complex","medium","validation","yes","draft"
"36","v1","My child cried when it was time to leave the pool.","6-8","pool","It was time to leave the pool","Cried","Not clearly mentioned","no","Leaving a preferred water activity","Disappointment","Not specified","Was the child given a clear last swim or last turn warning?","A last-turn warning may help the child prepare to leave.","transition difficulty","low","easy","low","test","yes","draft"
"37","v1","My child refused to get out of the car after arriving at school.","6-8","school drop-off","Arrived at school","Refused to get out of the car","Not clearly mentioned","no","Transition from car to school","Anxiety or reluctance","Not specified","Was there something different about the school morning?","A predictable drop-off routine may support the transition into school.","transition difficulty","low","complex","medium","test","yes","draft"
"38","v1","My child screamed when I turned off the toy train and said it was cleanup time.","3-5","home","Toy train was turned off and caregiver said it was cleanup time","Screamed","Not clearly mentioned","no","Transition from play to cleanup","Frustration","Caregiver turned off toy train","Was the child warned before cleanup started?","A cleanup song or short warning may help signal the change.","transition difficulty","moderate","medium","low","test","yes","draft"
"39","v1","My child became upset after soccer practice ended and kept asking to play more.","6-8","sports field","Soccer practice ended","Became upset and kept asking to play more","Not clearly mentioned","no","Ending a preferred physical activity","Disappointment","Not specified","Was the end of practice explained before the final activity?","A final activity or closing routine may help mark the end clearly.","transition difficulty","low","medium","low","test","yes","draft"
"40","v1","My child cried when we left the museum even though we had talked about leaving soon.","9-12","museum","It was time to leave the museum after a warning","Cried","Not clearly mentioned","no","Leaving a preferred outing","Disappointment","Caregiver gave warning","Did the child know what would happen after leaving?","Pairing the warning with a clear next step may help the transition.","transition difficulty","low","medium","medium","test","yes","draft"
"41","v1","My child cried when asked to start homework after school.","6-8","home","Asked to start homework after school","Cried","Not clearly mentioned","no","Homework task demand","Frustration or tiredness","Not specified","Was the child tired, hungry, or needing a break after school?","A short break before homework may help the child transition into the task.","homework frustration","low","easy","low","train","yes","draft"
"42","v1","My child pushed the worksheet away when asked to write three sentences.","6-8","home","Asked to write three sentences","Pushed the worksheet away","Not clearly mentioned","no","Writing task demand","Frustration","Not specified","Was the writing task too long or difficult?","Breaking the writing task into smaller steps may help reduce frustration.","homework frustration","low","easy","low","train","yes","draft"
"43","v1","My child yelled after making a mistake on a math problem.","9-12","home","Made a mistake on a math problem","Yelled","Not clearly mentioned","no","Difficulty with academic error correction","Frustration","Not specified","How does the child usually respond to mistakes?","Reminding the child that mistakes are part of learning may help lower pressure.","homework frustration","low","medium","low","train","yes","draft"
"44","v1","My child refused to read the page when the book looked too long.","6-8","home","Book page looked too long","Refused to read the page","Not clearly mentioned","no","Reading task felt overwhelming","Frustration or avoidance","Not specified","Would a shorter section feel more manageable?","Covering part of the page or reading one paragraph at a time may help.","homework frustration","low","medium","low","train","yes","draft"
"45","v1","My child cried when the spelling words had to be copied twice.","6-8","home","Spelling words had to be copied twice","Cried","Not clearly mentioned","no","Repeated writing demand","Frustration","Not specified","Was the amount of writing difficult for the child?","A short break between writing rounds may help make the task feel smaller.","homework frustration","low","medium","low","train","yes","draft"
"46","v1","My child left the table after being asked to finish the last homework question.","6-8","home","Asked to finish the last homework question","Left the table","Not clearly mentioned","no","Sustained homework demand","Fatigue or frustration","Not specified","How long had the child been working before leaving the table?","Using a finish line reminder, such as one more question, may help when the task is nearly done.","homework frustration","low","medium","low","train","yes","draft"
"47","v1","My child threw the pencil when the math worksheet had many problems.","9-12","home","Math worksheet had many problems","Threw the pencil","Not clearly mentioned","no","Large task demand","Frustration or overwhelm","Not specified","Would fewer problems at a time help the child begin?","Showing only a few problems at once may help reduce overwhelm.","homework frustration","moderate","medium","low","train","yes","draft"
"48","v1","My child said this is too hard and put their head down during reading homework.","6-8","home","Reading homework felt hard","Put head down and said it was too hard","Not clearly mentioned","no","Academic task difficulty","Frustration or discouragement","Not specified","Which part of the reading task was hard?","Asking the child to point to the hard part may help identify where support is needed.","homework frustration","low","medium","low","train","yes","draft"
"49","v1","My child cried after being corrected during handwriting practice.","6-8","home","Corrected during handwriting practice","Cried","Not clearly mentioned","no","Correction during writing task","Frustration or embarrassment","Caregiver corrected handwriting","How was the correction given?","Balancing correction with praise for effort may help the child stay engaged.","homework frustration","low","medium","low","train","yes","draft"
"50","v1","My child refused to start the project because there were too many steps.","9-12","home","Project had many steps","Refused to start the project","Not clearly mentioned","no","Multi-step academic task","Overwhelm","Not specified","Would a simple checklist make the first step clearer?","Writing only the first two steps may help the child get started.","homework frustration","low","complex","medium","train","yes","draft"
"51","v1","My child yelled when asked to erase and redo a sentence.","6-8","home","Asked to erase and redo a sentence","Yelled","Not clearly mentioned","no","Redoing written work","Frustration","Not specified","Was redoing the work unexpected or upsetting?","Explaining why a small correction is needed may help reduce frustration.","homework frustration","low","medium","low","train","yes","draft"
"52","v1","My child cried when homework started right after a long school day.","6-8","home","Homework started right after a long school day","Cried","Not clearly mentioned","no","Homework after fatigue","Tiredness or frustration","Not specified","Did the child have time to rest before starting homework?","A short predictable rest period before homework may help.","homework frustration","low","medium","low","train","yes","draft"
"53","v1","My child pushed the book away but returned after choosing which page to read first.","6-8","home","Reading homework started","Pushed the book away","Returned after choosing which page to read first","yes","Reading task demand","Frustration followed by engagement","Caregiver offered a choice","Did having a choice help the child rejoin the task?","Offering limited choices may help the child feel more involved.","homework frustration","low","medium","low","validation","yes","draft"
"54","v1","My child refused math homework until the problems were covered except for one row.","9-12","home","Math homework showed many problems","Refused math homework","Started after only one row was visible","yes","Visual overwhelm from worksheet","Overwhelm","Caregiver covered part of the worksheet","Did seeing fewer problems help the child begin?","Reducing visual clutter may help make the task feel manageable.","homework frustration","low","medium","low","validation","yes","draft"
"55","v1","My child became upset during homework, but it was unclear if the problem was reading, writing, or being tired.","6-8","home","Homework was started","Became upset","Not clearly mentioned","no","Unclear homework-related difficulty","Frustration or tiredness","Not specified","Which part of homework seemed hardest today?","A follow-up note about the exact task may help identify patterns over time.","homework frustration","low","complex","high","validation","yes","draft"
"56","v1","My child cried when asked to correct missed spelling words.","6-8","home","Asked to correct missed spelling words","Cried","Not clearly mentioned","no","Correction task after mistake","Frustration","Not specified","Was the child upset about the correction or the writing itself?","Separating correction from rewriting may help understand the source of frustration.","homework frustration","low","medium","medium","test","yes","draft"
"57","v1","My child left the table when the homework timer started.","6-8","home","Homework timer started","Left the table","Not clearly mentioned","no","Start of homework routine","Avoidance or frustration","Not specified","Does the timer feel helpful or stressful to the child?","A gentle start routine may work better than a sudden timer for some children.","homework frustration","low","medium","medium","test","yes","draft"
"58","v1","My child tore the corner of the worksheet after being asked to finish writing answers.","9-12","home","Asked to finish writing answers","Tore the corner of the worksheet","Not clearly mentioned","no","Writing task demand","Frustration","Not specified","How long had the writing task continued before this happened?","Short writing intervals with breaks may help reduce frustration.","homework frustration","moderate","medium","low","test","yes","draft"
"59","v1","My child said they could not do it and cried before even looking at the homework page.","6-8","home","Homework page was presented","Said they could not do it and cried","Not clearly mentioned","no","Anticipation of difficult homework","Anxiety or discouragement","Not specified","Has this type of homework been difficult before?","Starting with one easy question may help build confidence.","homework frustration","low","complex","medium","test","yes","draft"
"60","v1","My child got upset after homework directions changed from drawing to writing sentences.","6-8","home","Homework directions changed from drawing to writing sentences","Got upset","Not clearly mentioned","no","Unexpected change in homework task","Frustration or uncertainty","Not specified","Was the change in directions explained clearly?","Showing the changed directions step by step may help reduce confusion.","homework frustration","low","complex","medium","test","yes","draft"
"61","v1","My child cried when it was time to start the bedtime routine.","3-5","home","It was time to start the bedtime routine","Cried","Not clearly mentioned","no","Transition to bedtime routine","Frustration or tiredness","Not specified","Was the bedtime routine started at the usual time?","A consistent bedtime routine may help the child know what comes next.","bedtime resistance","low","easy","low","train","yes","draft"
"62","v1","My child refused to put on pajamas after bath time.","3-5","home","Bath time ended","Refused to put on pajamas","Not clearly mentioned","no","Transition from bath to bedtime task","Frustration","Not specified","Was the child given a simple choice of pajamas?","Offering two pajama choices may help the child feel more involved.","bedtime resistance","low","easy","low","train","yes","draft"
"63","v1","My child yelled when I said it was time to brush teeth.","6-8","home","Caregiver said it was time to brush teeth","Yelled","Not clearly mentioned","no","Bedtime hygiene task","Frustration or avoidance","Caregiver gave instruction","Is toothbrushing usually difficult or only tonight?","A visual routine card may help show toothbrushing as one step before bed.","bedtime resistance","low","medium","low","train","yes","draft"
"64","v1","My child hid under the blanket when I turned off the bedroom light.","3-5","home","Bedroom light was turned off","Hid under the blanket","Not clearly mentioned","no","Change to dark room at bedtime","Fear or uncertainty","Caregiver turned off light","Does the child seem worried about the dark?","A small night light or calming bedtime phrase may help with the transition.","bedtime resistance","low","medium","medium","train","yes","draft"
"65","v1","My child kept asking for one more story after bedtime reading was finished.","3-5","home","Bedtime reading was finished","Kept asking for one more story","Not clearly mentioned","no","Ending preferred bedtime activity","Disappointment","Not specified","Was the number of stories explained before reading started?","Setting a clear story limit before reading may help reduce repeated requests.","bedtime resistance","low","easy","low","train","yes","draft"
"66","v1","My child cried after I said no more water because bedtime had already started.","6-8","home","Caregiver said no more water after bedtime started","Cried","Not clearly mentioned","no","Limit set during bedtime routine","Frustration","Caregiver set limit","Was water offered earlier in the routine?","Adding water as a planned routine step may help avoid repeated requests.","bedtime resistance","low","medium","medium","train","yes","draft"
"67","v1","My child ran out of the bedroom when it was time to lie down.","3-5","home","It was time to lie down","Ran out of the bedroom","Not clearly mentioned","no","Transition to staying in bed","Avoidance or excitement","Not specified","Was the child calm before entering the bedroom?","A short calming activity before bed may help prepare for lying down.","bedtime resistance","moderate","medium","low","train","yes","draft"
"68","v1","My child refused to stop playing with toys when bedtime started.","3-5","home","Bedtime started while child was playing with toys","Refused to stop playing with toys","Not clearly mentioned","no","Transition from play to bedtime","Frustration","Not specified","Was there a warning before toys were put away?","A cleanup countdown before bedtime may help prepare for the change.","bedtime resistance","low","easy","low","train","yes","draft"
"69","v1","My child cried when the bedtime song ended.","3-5","home","Bedtime song ended","Cried","Not clearly mentioned","no","Ending calming bedtime activity","Disappointment","Not specified","Does the child know what happens after the song?","Using the same closing phrase after the song may help signal the next step.","bedtime resistance","low","easy","low","train","yes","draft"
"70","v1","My child yelled after being told the tablet could not come into bed.","6-8","home","Caregiver said tablet could not come into bed","Yelled","Not clearly mentioned","no","Screen limit at bedtime","Frustration","Caregiver set screen boundary","Was the no-tablet rule explained before bedtime?","Keeping screens out of the bedtime routine may be easier when the rule is predictable.","bedtime resistance","low","medium","low","train","yes","draft"
"71","v1","My child cried because bedtime was earlier than usual after a busy day.","6-8","home","Bedtime was earlier than usual after a busy day","Cried","Not clearly mentioned","no","Change in usual bedtime schedule","Frustration or tiredness","Not specified","Was the earlier bedtime explained ahead of time?","Explaining schedule changes in simple words may help the child prepare.","bedtime resistance","low","complex","medium","train","yes","draft"
"72","v1","My child refused to leave the living room when it was time to go upstairs for bed.","6-8","home","It was time to go upstairs for bed","Refused to leave the living room","Not clearly mentioned","no","Transition from family space to bedroom","Frustration or reluctance","Not specified","Was the child engaged in a preferred activity before bedtime?","A predictable transition phrase may help signal that bedtime is starting.","bedtime resistance","low","medium","low","train","yes","draft"
"73","v1","My child cried during pajamas but calmed after choosing between two books.","3-5","home","Pajama time started","Cried","Calmed after choosing between two books","yes","Bedtime routine task","Frustration followed by calming","Caregiver offered book choice","Did having a small choice help the child settle?","Offering a limited choice during the routine may help cooperation.","bedtime resistance","low","medium","low","validation","yes","draft"
"74","v1","My child yelled when asked to brush teeth but completed it after seeing the bedtime chart.","6-8","home","Asked to brush teeth","Yelled","Completed toothbrushing after seeing bedtime chart","yes","Bedtime hygiene task","Frustration","Caregiver showed bedtime chart","Did the chart help because it showed the routine steps?","Showing the chart before giving the instruction may help prepare the child.","bedtime resistance","low","medium","low","validation","yes","draft"
"75","v1","My child became upset at bedtime, but it was unclear if they were scared, tired, or wanted more playtime.","3-5","home","Bedtime started","Became upset","Not clearly mentioned","no","Unclear bedtime-related difficulty","Fear, tiredness, or frustration","Not specified","What seemed to happen right before the child became upset?","Adding a short note about what happened before bedtime may help identify patterns.","bedtime resistance","low","complex","high","validation","yes","draft"
"76","v1","My child cried when asked to sleep without the hallway light on.","6-8","home","Asked to sleep without hallway light on","Cried","Not clearly mentioned","no","Change in bedtime comfort condition","Fear or uncertainty","Not specified","Does light level affect bedtime comfort?","A gradual change in lighting may help if the child is worried about darkness.","bedtime resistance","low","medium","medium","test","yes","draft"
"77","v1","My child left the bed several times after being tucked in.","6-8","home","Child was tucked in for bed","Left the bed several times","Not clearly mentioned","no","Difficulty settling after bedtime routine","Restlessness or avoidance","Not specified","What did the child ask for after leaving the bed?","A simple return-to-bed routine may help make expectations clear.","bedtime resistance","low","medium","medium","test","yes","draft"
"78","v1","My child threw a pillow when I said the bedroom door would stay partly closed.","6-8","home","Caregiver said bedroom door would stay partly closed","Threw a pillow","Not clearly mentioned","no","Change in bedtime boundary","Frustration or worry","Caregiver set door boundary","Was the door rule new or unexpected?","Explaining the door plan before bedtime may help reduce surprise.","bedtime resistance","moderate","medium","medium","test","yes","draft"
"79","v1","My child cried after a late nap and did not seem ready for bedtime.","3-5","home","Child had a late nap before bedtime","Cried and resisted bedtime","Not clearly mentioned","no","Sleep schedule change","Restlessness or frustration","Not specified","Did the late nap change the usual bedtime routine?","Tracking nap timing may help understand bedtime patterns.","bedtime resistance","low","complex","medium","test","yes","draft"
"80","v1","My child refused bedtime after visitors left later than usual.","6-8","home","Visitors left later than usual","Refused bedtime","Not clearly mentioned","no","Routine change before bedtime","Excitement or tiredness","Not specified","Was the evening routine different because of visitors?","A short reset routine after visitors leave may help the child settle.","bedtime resistance","low","complex","medium","test","yes","draft"
"81","v1","My child refused to sit at the table when dinner was served.","3-5","home","Dinner was served","Refused to sit at the table","Not clearly mentioned","no","Mealtime transition","Frustration or avoidance","Not specified","Was the child doing a preferred activity before dinner?","A short warning before dinner may help the child move to the table.","mealtime refusal","low","easy","low","train","yes","draft"
"82","v1","My child cried when asked to try a new vegetable.","3-5","home","Asked to try a new vegetable","Cried","Not clearly mentioned","no","New food was introduced","Discomfort or frustration","Not specified","Has the child tried this food before?","Offering a very small taste without pressure may make new foods feel less overwhelming.","mealtime refusal","low","medium","low","train","yes","draft"
"83","v1","My child pushed the plate away after seeing sauce on the pasta.","6-8","home","Saw sauce on the pasta","Pushed the plate away","Not clearly mentioned","no","Food appearance or texture concern","Discomfort","Not specified","Was the sauce expected or different from usual?","Keeping one familiar food on the plate may help when trying a changed food.","mealtime refusal","low","medium","low","train","yes","draft"
"84","v1","My child yelled when I said snack time was over and lunch was ready.","3-5","home","Snack time was over and lunch was ready","Yelled","Not clearly mentioned","no","Transition from snack to meal","Frustration","Caregiver said lunch was ready","Was the child told when snack time would end?","A simple snack-to-lunch routine may help the child know what comes next.","mealtime refusal","low","medium","low","train","yes","draft"
"85","v1","My child left the table after two bites of dinner.","6-8","home","Dinner had started","Left the table after two bites","Not clearly mentioned","no","Difficulty staying at meal","Avoidance or restlessness","Not specified","Was the child hungry before dinner?","A clear expectation such as sitting for a short time may help make mealtime predictable.","mealtime refusal","low","easy","medium","train","yes","draft"
"86","v1","My child cried when the preferred cup was not available at breakfast.","3-5","home","Preferred cup was not available at breakfast","Cried","Not clearly mentioned","no","Preferred item unavailable at meal","Disappointment","Not specified","Was the cup change explained before breakfast?","Preparing the child for small changes may help reduce surprise at meals.","mealtime refusal","low","medium","low","train","yes","draft"
"87","v1","My child refused breakfast after the cereal brand changed.","6-8","home","Cereal brand changed","Refused breakfast","Not clearly mentioned","no","Change in familiar food","Uncertainty or discomfort","Not specified","Did the cereal look, smell, or taste different?","Introducing changed foods slowly with a familiar option nearby may help.","mealtime refusal","low","medium","low","train","yes","draft"
"88","v1","My child covered their mouth when asked to taste soup.","3-5","home","Asked to taste soup","Covered their mouth","Not clearly mentioned","no","New or disliked food texture","Discomfort","Not specified","Was the soup texture or temperature uncomfortable?","Letting the child smell or look at the food first may reduce pressure.","mealtime refusal","low","medium","low","train","yes","draft"
"89","v1","My child threw a napkin when told there would be no dessert before dinner.","6-8","home","Told there would be no dessert before dinner","Threw a napkin","Not clearly mentioned","no","Limit set around dessert","Frustration","Caregiver set dessert limit","Was the dessert rule explained before the meal?","Stating the meal routine clearly may help reduce repeated negotiation.","mealtime refusal","moderate","medium","low","train","yes","draft"
"90","v1","My child refused to come to the table because they wanted to keep playing.","3-5","home","Child wanted to keep playing when meal started","Refused to come to the table","Not clearly mentioned","no","Transition from play to meal","Frustration","Not specified","Was there a warning before mealtime?","A countdown before meals may help the child prepare to stop playing.","mealtime refusal","low","easy","low","train","yes","draft"
"91","v1","My child cried when food touched on the plate.","6-8","home","Different foods touched on the plate","Cried","Not clearly mentioned","no","Food presentation concern","Discomfort or overwhelm","Not specified","Does the child usually prefer foods separated?","Using a divided plate may help if food touching is upsetting.","mealtime refusal","low","medium","low","train","yes","draft"
"92","v1","My child pushed the chair back when asked to sit for lunch.","3-5","home","Asked to sit for lunch","Pushed the chair back","Not clearly mentioned","no","Sitting demand during meal","Avoidance or frustration","Not specified","Was the child ready for lunch or still active from play?","A short transition activity before sitting may help the child settle at the table.","mealtime refusal","low","medium","medium","train","yes","draft"
"93","v1","My child refused dinner but ate after choosing between two vegetables.","6-8","home","Dinner was offered","Refused dinner","Ate after choosing between two vegetables","yes","Meal choice and control","Frustration followed by cooperation","Caregiver offered two choices","Did having a small choice help the child participate?","Offering limited choices may support mealtime cooperation.","mealtime refusal","low","medium","low","validation","yes","draft"
"94","v1","My child cried when asked to try chicken, then calmed after it was cut into smaller pieces.","3-5","home","Asked to try chicken","Cried","Calmed after chicken was cut into smaller pieces","yes","Food size or texture concern","Discomfort followed by calming","Caregiver cut food smaller","Did the smaller pieces make the food easier to try?","Changing food size or presentation may help some children feel more comfortable.","mealtime refusal","low","medium","low","validation","yes","draft"
"95","v1","My child became upset at dinner, but it was unclear if the issue was taste, smell, or being tired.","6-8","home","Dinner was served","Became upset","Not clearly mentioned","no","Unclear mealtime difficulty","Discomfort, frustration, or tiredness","Not specified","What part of dinner seemed most difficult today?","Adding notes about food, timing, and tiredness may help identify mealtime patterns.","mealtime refusal","low","complex","high","validation","yes","draft"
"96","v1","My child refused to eat lunch after a large snack earlier in the afternoon.","6-8","home","Child had a large snack earlier","Refused lunch","Not clearly mentioned","no","Possible low hunger at mealtime","Low appetite","Not specified","How close was snack time to lunch?","Tracking snack timing may help understand meal refusal patterns.","mealtime refusal","low","medium","medium","test","yes","draft"
"97","v1","My child yelled when the sandwich was cut differently than usual.","3-5","home","Sandwich was cut differently than usual","Yelled","Not clearly mentioned","no","Unexpected food presentation change","Frustration or uncertainty","Not specified","Does the child expect the sandwich to look a certain way?","Keeping familiar food presentation consistent may help during early versions of a routine.","mealtime refusal","low","medium","low","test","yes","draft"
"98","v1","My child left the table when family conversation became loud during dinner.","6-8","home","Family conversation became loud during dinner","Left the table","Not clearly mentioned","no","Noise during mealtime","Overwhelm","Not specified","Did the noise level make it hard for the child to stay at the table?","A quieter mealtime setting may help if noise is overwhelming.","mealtime refusal","low","complex","medium","test","yes","draft"
"99","v1","My child cried when asked to drink from a different bottle at lunch.","3-5","home","Asked to drink from a different bottle at lunch","Cried","Not clearly mentioned","no","Change in familiar mealtime item","Frustration or uncertainty","Not specified","Was the bottle change expected or sudden?","Introducing new cups or bottles gradually may help reduce surprise.","mealtime refusal","low","medium","low","test","yes","draft"
"100","v1","My child refused breakfast after the morning routine was rushed.","6-8","home","Morning routine was rushed before breakfast","Refused breakfast","Not clearly mentioned","no","Rushed routine before meal","Stress or frustration","Not specified","Was breakfast offered after a stressful morning transition?","A calmer morning routine may help make breakfast easier.","mealtime refusal","low","complex","medium","test","yes","draft"
"101","v1","My child covered ears when the grocery store became loud.","3-5","grocery store","Grocery store became loud","Covered ears","Not clearly mentioned","no","Loud public environment","Overwhelm","Not specified","Was the store crowded or especially noisy at that time?","A quieter shopping time or short break outside may help if noise feels overwhelming.","sensory overload","low","easy","low","train","yes","draft"
"102","v1","My child cried when the hand dryer turned on in the restroom.","3-5","public restroom","Hand dryer turned on","Cried","Not clearly mentioned","no","Sudden loud sound","Startle or overwhelm","Not specified","Does the child usually react strongly to sudden loud sounds?","Warning the child before loud sounds may help them prepare.","sensory overload","low","easy","low","train","yes","draft"
"103","v1","My child hid behind me when the mall became crowded.","6-8","mall","Mall became crowded","Hid behind caregiver","Not clearly mentioned","no","Crowded public place","Overwhelm or anxiety","Not specified","Was the crowd larger than expected?","A quiet break area may help when public places become too busy.","sensory overload","low","medium","low","train","yes","draft"
"104","v1","My child cried when the fire alarm practice started at school.","6-8","school","Fire alarm practice started","Cried","Not clearly mentioned","no","Loud alarm sound","Startle or overwhelm","Not specified","Was the child warned before the alarm practice?","A simple warning before expected loud sounds may help reduce surprise.","sensory overload","low","medium","low","train","yes","draft"
"105","v1","My child refused to enter the cafeteria because it was noisy.","6-8","school","Cafeteria was noisy","Refused to enter","Not clearly mentioned","no","Noisy cafeteria environment","Overwhelm","Not specified","Is the cafeteria usually difficult because of noise or crowding?","Entering a few minutes early or finding a quieter seat may help in noisy settings.","sensory overload","low","medium","low","train","yes","draft"
"106","v1","My child covered eyes when the bright lights turned on in the classroom.","6-8","school","Bright lights turned on in the classroom","Covered eyes","Not clearly mentioned","no","Bright light exposure","Discomfort","Not specified","Does bright lighting seem uncomfortable for the child?","Reducing glare or allowing a brief adjustment time may help.","sensory overload","low","medium","low","train","yes","draft"
"107","v1","My child cried when the shirt tag touched the back of the neck.","3-5","home","Shirt tag touched the back of the neck","Cried","Not clearly mentioned","no","Clothing texture discomfort","Discomfort or irritation","Not specified","Does the child often react to tags or seams?","Checking clothing comfort before leaving home may help avoid distress.","sensory overload","low","medium","low","train","yes","draft"
"108","v1","My child refused socks because the seam felt uncomfortable.","3-5","home","Sock seam felt uncomfortable","Refused socks","Not clearly mentioned","no","Clothing texture discomfort","Discomfort","Not specified","Was the discomfort related to the sock seam or tightness?","Trying seamless socks or adjusting the seam may help with comfort.","sensory overload","low","easy","low","train","yes","draft"
"109","v1","My child became upset when the vacuum cleaner started.","3-5","home","Vacuum cleaner started","Became upset","Not clearly mentioned","no","Loud household appliance","Overwhelm or startle","Not specified","Was the child warned before the vacuum started?","A warning before loud appliances may help the child prepare or move to another room.","sensory overload","low","easy","low","train","yes","draft"
"110","v1","My child cried when the birthday party room became loud with music and children talking.","6-8","birthday party","Party room became loud with music and children talking","Cried","Not clearly mentioned","no","Loud and busy social environment","Overwhelm","Not specified","Was there a quieter place available during the party?","A short quiet break may help during loud group events.","sensory overload","low","complex","medium","train","yes","draft"
"111","v1","My child covered ears during the movie theater previews.","6-8","movie theater","Movie theater previews were loud","Covered ears","Not clearly mentioned","no","Loud theater sound","Sound sensitivity or overwhelm","Not specified","Were the previews louder than expected?","Preparing the child for loud parts or taking a short break may help.","sensory overload","low","medium","low","train","yes","draft"
"112","v1","My child pushed the plate away because the food smell was strong.","6-8","home","Food smell was strong","Pushed the plate away","Not clearly mentioned","no","Strong smell during meal","Discomfort","Not specified","Was the smell new or stronger than usual?","Noting smell reactions may help understand patterns around meals.","sensory overload","low","medium","medium","train","yes","draft"
"113","v1","My child covered ears in the store but calmed after we moved to a quieter aisle.","3-5","store","Store area was noisy","Covered ears","Calmed after moving to a quieter aisle","yes","Noisy public environment","Overwhelm followed by calming","Caregiver moved to quieter aisle","Did moving to a quieter place help the child settle?","A planned quiet break may help during busy shopping trips.","sensory overload","low","medium","low","validation","yes","draft"
"114","v1","My child cried when the blender started, then calmed after going to another room.","3-5","home","Blender started","Cried","Calmed after going to another room","yes","Loud household appliance","Startle or overwhelm","Caregiver moved child to another room","Did distance from the sound help the child calm?","Letting the child move away before loud appliances start may help.","sensory overload","low","medium","low","validation","yes","draft"
"115","v1","My child became upset in the classroom, but it was unclear if the issue was noise, lights, or too many people.","6-8","school","Classroom environment became difficult","Became upset","Not clearly mentioned","no","Unclear sensory context","Overwhelm","Not specified","What changed in the environment right before the child became upset?","Adding notes about noise, lights, and crowding may help identify patterns.","sensory overload","low","complex","high","validation","yes","draft"
"116","v1","My child refused to wear the jacket because the inside fabric felt scratchy.","6-8","home","Jacket fabric felt scratchy","Refused to wear the jacket","Not clearly mentioned","no","Clothing texture discomfort","Discomfort","Not specified","Was the fabric, fit, or temperature uncomfortable?","Checking clothing texture and fit may help reduce dressing difficulties.","sensory overload","low","medium","low","test","yes","draft"
"117","v1","My child cried when the restaurant became crowded and loud.","6-8","restaurant","Restaurant became crowded and loud","Cried","Not clearly mentioned","no","Busy noisy public place","Overwhelm","Not specified","Was the child able to take a break from the noise?","Choosing a quieter table or stepping outside briefly may help in loud restaurants.","sensory overload","low","medium","low","test","yes","draft"
"118","v1","My child covered ears when several children shouted during recess.","6-8","school playground","Several children shouted during recess","Covered ears","Not clearly mentioned","no","Loud peer environment","Overwhelm","Not specified","Was the reaction related to sudden shouting or overall playground noise?","A quieter play option may help when playground noise becomes too much.","sensory overload","low","medium","medium","test","yes","draft"
"119","v1","My child became upset after walking into a store with bright lights and strong smells.","9-12","store","Entered store with bright lights and strong smells","Became upset","Not clearly mentioned","no","Multiple sensory inputs in public place","Overwhelm","Not specified","Which part seemed hardest: lights, smells, noise, or crowding?","Tracking which sensory input is hardest may help plan future outings.","sensory overload","low","complex","medium","test","yes","draft"
"120","v1","My child refused to join the assembly because the microphone sound was too loud.","9-12","school assembly","Microphone sound was too loud","Refused to join the assembly","Not clearly mentioned","no","Loud amplified sound","Overwhelm or discomfort","Not specified","Was the child warned about the microphone or assembly noise?","Sitting farther from speakers may help if amplified sound is uncomfortable.","sensory overload","low","medium","low","test","yes","draft"
"121","v1","My child cried when I did not understand what they were asking for.","3-5","home","Caregiver did not understand what child was asking for","Cried","Not clearly mentioned","no","Difficulty expressing needs clearly","Frustration","Not specified","What was the child trying to ask for?","Offering simple choices may help the child communicate what they want.","communication frustration","low","easy","low","train","yes","draft"
"122","v1","My child yelled after pointing to the shelf and not getting the item they wanted.","3-5","home","Child pointed to shelf but did not get wanted item","Yelled","Not clearly mentioned","no","Unclear request","Frustration","Not specified","Which item was the child trying to request?","Naming or showing two possible choices may help clarify the request.","communication frustration","low","medium","medium","train","yes","draft"
"123","v1","My child pushed the cup away when I gave water instead of juice.","3-5","home","Caregiver gave water instead of juice","Pushed the cup away","Not clearly mentioned","no","Mismatch between request and response","Frustration","Caregiver gave water","Did the child ask for juice in a way that was understood?","Using picture choices or simple words may help avoid confusion.","communication frustration","low","medium","low","train","yes","draft"
"124","v1","My child cried when trying to explain what happened at school.","6-8","home","Child tried to explain what happened at school","Cried","Not clearly mentioned","no","Difficulty explaining an event","Frustration or overwhelm","Not specified","Was the child able to answer simple questions about the event?","Asking one question at a time may help the child share details.","communication frustration","low","medium","medium","train","yes","draft"
"125","v1","My child yelled because I guessed the wrong toy they wanted.","3-5","home","Caregiver guessed the wrong toy","Yelled","Not clearly mentioned","no","Caregiver misunderstood request","Frustration","Caregiver guessed wrong toy","Could the child choose from two visible toys?","Showing two choices may help the child communicate more clearly.","communication frustration","low","easy","low","train","yes","draft"
"126","v1","My child became upset when asked to use words instead of pulling my hand.","3-5","home","Asked to use words instead of pulling caregiver's hand","Became upset","Not clearly mentioned","no","Communication demand felt difficult","Frustration","Caregiver asked child to use words","Was another way of communicating available?","Accepting pointing, pictures, or simple gestures may reduce frustration while communication grows.","communication frustration","low","medium","medium","train","yes","draft"
"127","v1","My child cried after I asked them to repeat what they said.","6-8","home","Caregiver asked child to repeat what they said","Cried","Not clearly mentioned","no","Repeated communication attempt","Frustration or embarrassment","Caregiver asked for repetition","Did the child feel pressured when asked to repeat?","A calm request such as show me or say it another way may help.","communication frustration","low","medium","low","train","yes","draft"
"128","v1","My child screamed when I could not understand which snack they wanted.","3-5","home","Caregiver could not understand snack request","Screamed","Not clearly mentioned","no","Unclear snack request","Frustration","Not specified","Were snack choices visible to the child?","Offering two snack choices may help the child make the request clearly.","communication frustration","low","easy","low","train","yes","draft"
"129","v1","My child threw a crayon after I misunderstood the color they wanted.","3-5","home","Caregiver misunderstood requested crayon color","Threw a crayon","Not clearly mentioned","no","Misunderstood choice request","Frustration","Caregiver misunderstood color","Could the child point to or pick the color?","Letting the child point to the choice may reduce communication frustration.","communication frustration","moderate","medium","low","train","yes","draft"
"130","v1","My child cried when a classmate did not understand their words during play.","6-8","school playground","Classmate did not understand child's words during play","Cried","Not clearly mentioned","no","Peer communication difficulty","Frustration or sadness","Not specified","What was the child trying to tell the classmate?","Practicing simple play phrases may help during peer interaction.","communication frustration","low","medium","low","train","yes","draft"
"131","v1","My child yelled when asked to explain why they were upset.","6-8","home","Asked to explain why they were upset","Yelled","Not clearly mentioned","no","Difficulty describing feelings","Frustration","Caregiver asked why child was upset","Was the question too broad in the moment?","Offering feeling choices may help the child identify what they are experiencing.","communication frustration","low","medium","medium","train","yes","draft"
"132","v1","My child cried after being asked too many questions at once.","6-8","home","Caregiver asked many questions at once","Cried","Not clearly mentioned","no","Too much language at once","Overwhelm","Caregiver asked many questions","Would one simple question be easier to answer?","Using short questions one at a time may help reduce overwhelm.","communication frustration","low","medium","low","train","yes","draft"
"133","v1","My child pointed and cried but calmed after choosing from two picture cards.","3-5","home","Child could not clearly request item by pointing alone","Pointed and cried","Calmed after choosing from two picture cards","yes","Unclear request","Frustration followed by calming","Caregiver offered picture cards","Did picture choices help the child communicate the request?","Simple picture choices may help when words are hard to use.","communication frustration","low","medium","low","validation","yes","draft"
"134","v1","My child yelled when not understood, then calmed after I asked them to show me.","3-5","home","Caregiver did not understand request","Yelled","Calmed after caregiver asked child to show the request","yes","Communication breakdown","Frustration","Caregiver asked child to show request","Did showing the item work better than asking for words?","Allowing the child to show the request may reduce pressure.","communication frustration","low","medium","low","validation","yes","draft"
"135","v1","My child became upset, but it was unclear if they wanted help, a break, or a different toy.","3-5","home","Child wanted something but request was unclear","Became upset","Not clearly mentioned","no","Unclear need or request","Frustration","Not specified","Was the child trying to ask for help, a break, or an item?","Offering a few simple options may help identify the need.","communication frustration","low","complex","high","validation","yes","draft"
"136","v1","My child cried when the teacher did not understand their answer.","6-8","school","Teacher did not understand child's answer","Cried","Not clearly mentioned","no","Communication difficulty in classroom","Frustration or embarrassment","Not specified","Was the child able to answer in another way?","Allowing pointing, drawing, or shorter answers may help show understanding.","communication frustration","low","medium","medium","test","yes","draft"
"137","v1","My child pushed my hand away when I guessed the wrong activity they wanted.","3-5","home","Caregiver guessed the wrong activity","Pushed caregiver's hand away","Not clearly mentioned","no","Misunderstood activity request","Frustration","Caregiver guessed wrong activity","Could the child choose between two activities?","Giving two clear choices may help the child communicate preference.","communication frustration","low","medium","low","test","yes","draft"
"138","v1","My child cried after trying to tell me about a toy breaking but could not find the words.","6-8","home","Child tried to explain that a toy broke","Cried","Not clearly mentioned","no","Difficulty explaining problem","Frustration or sadness","Not specified","Could the child show what happened instead of explaining fully?","Asking the child to show the problem may help when words are hard.","communication frustration","low","complex","medium","test","yes","draft"
"139","v1","My child yelled when I asked what they wanted for lunch and gave too many choices.","6-8","home","Caregiver gave many lunch choices","Yelled","Not clearly mentioned","no","Too many choices during communication","Overwhelm","Caregiver offered many choices","Would two choices be easier than many choices?","Limiting choices may make communication easier.","communication frustration","low","medium","low","test","yes","draft"
"140","v1","My child became upset when I did not understand whether they wanted to stop or continue the activity.","6-8","home","Caregiver did not understand if child wanted to stop or continue","Became upset","Not clearly mentioned","no","Unclear preference communication","Frustration","Not specified","Was the child able to show stop or continue in another way?","Simple stop and go cards may help communicate preferences.","communication frustration","low","complex","medium","test","yes","draft"
"141","v1","My child cried when another child took the toy they were using.","3-5","home","Another child took the toy being used","Cried","Not clearly mentioned","no","Peer conflict over shared toy","Frustration or sadness","Not specified","Was the child given help asking for the toy back?","Practicing simple phrases like my turn or can I have it back may help during play.","social conflict","low","easy","low","train","yes","draft"
"142","v1","My child yelled when a classmate would not share the blocks.","3-5","classroom","Classmate would not share the blocks","Yelled","Not clearly mentioned","no","Difficulty with sharing during play","Frustration","Not specified","Was there a clear turn-taking plan for the blocks?","A timer or turn-taking reminder may help make sharing more predictable.","social conflict","low","medium","low","train","yes","draft"
"143","v1","My child pushed a peer after losing a turn in a game.","6-8","school","Child lost a turn in a game","Pushed a peer","Not clearly mentioned","no","Game-related peer conflict","Frustration","Not specified","Was the child supported before the game with turn-taking rules?","Reviewing game rules before starting may help prepare for losing or waiting.","social conflict","moderate","medium","low","train","yes","draft"
"144","v1","My child cried when other children changed the rules during pretend play.","6-8","playground","Other children changed pretend play rules","Cried","Not clearly mentioned","no","Unexpected change during peer play","Frustration or confusion","Not specified","Did the child understand the new play rules?","Helping the children agree on simple play rules may reduce confusion.","social conflict","low","medium","medium","train","yes","draft"
"145","v1","My child yelled when a sibling sat in their favorite chair.","6-8","home","Sibling sat in child's favorite chair","Yelled","Not clearly mentioned","no","Conflict over preferred item or space","Frustration","Not specified","Was there a plan for sharing the chair?","A clear family rule for taking turns with preferred spaces may help.","social conflict","low","easy","low","train","yes","draft"
"146","v1","My child grabbed the toy back when another child picked it up.","3-5","home","Another child picked up the toy","Grabbed the toy back","Not clearly mentioned","no","Peer conflict over toy access","Frustration","Not specified","Was the toy already being used or available to share?","Teaching a simple ask-first rule may help with shared toys.","social conflict","low","medium","low","train","yes","draft"
"147","v1","My child cried after being told they could not be first in line.","6-8","school","Told they could not be first in line","Cried","Not clearly mentioned","no","Difficulty with social order or waiting","Disappointment","Not specified","Was the line order explained ahead of time?","A rotating helper or line order routine may make turns feel more fair.","social conflict","low","medium","low","train","yes","draft"
"148","v1","My child yelled at a sibling when the sibling touched their drawing.","6-8","home","Sibling touched child's drawing","Yelled at sibling","Not clearly mentioned","no","Concern about personal work being touched","Frustration","Not specified","Did the child ask for the drawing to be left alone?","A safe place for personal projects may help reduce conflict.","social conflict","low","medium","low","train","yes","draft"
"149","v1","My child cried when a friend did not want to play the same game.","6-8","playground","Friend did not want to play the same game","Cried","Not clearly mentioned","no","Different play preferences","Disappointment","Not specified","Was the child offered another way to join the friend?","Offering two play options may help when children want different games.","social conflict","low","medium","low","train","yes","draft"
"150","v1","My child shouted when another child stood too close during group time.","6-8","school","Another child stood too close during group time","Shouted","Not clearly mentioned","no","Personal space conflict","Discomfort or frustration","Not specified","Was the child able to ask for more space?","Practicing a simple phrase like I need space may help in group settings.","social conflict","low","medium","medium","train","yes","draft"
"151","v1","My child refused to play after another child won the game.","6-8","home","Another child won the game","Refused to play","Not clearly mentioned","no","Difficulty with losing during peer play","Disappointment or frustration","Not specified","How does the child usually respond when someone else wins?","Practicing short games with clear winning and losing rules may help build tolerance.","social conflict","low","medium","low","train","yes","draft"
"152","v1","My child cried when a classmate laughed during their turn to speak.","9-12","school","Classmate laughed during child's turn to speak","Cried","Not clearly mentioned","no","Peer reaction during speaking turn","Embarrassment or sadness","Not specified","Did the child think the classmate was laughing at them?","A teacher check-in may help clarify what happened and support the child.","social conflict","low","complex","medium","train","yes","draft"
"153","v1","My child grabbed the block but gave it back after the teacher used a turn-taking card.","3-5","classroom","Another child was using the block","Grabbed the block","Gave it back after teacher used a turn-taking card","yes","Turn-taking difficulty during peer play","Frustration followed by cooperation","Teacher used turn-taking card","Did the visual turn-taking card help the child understand whose turn it was?","Using a visual turn card may help make shared play clearer.","social conflict","low","medium","low","validation","yes","draft"
"154","v1","My child yelled at a sibling but calmed after choosing a different toy.","3-5","home","Sibling was using preferred toy","Yelled at sibling","Calmed after choosing a different toy","yes","Conflict over preferred toy","Frustration followed by calming","Caregiver offered another toy choice","Did having another choice help reduce the conflict?","Offering an alternate choice may help when a preferred toy is unavailable.","social conflict","low","medium","low","validation","yes","draft"
"155","v1","My child became upset during play, but it was unclear whether the issue was sharing, rules, or personal space.","6-8","playground","Peer play became difficult","Became upset","Not clearly mentioned","no","Unclear peer conflict","Frustration or overwhelm","Not specified","What changed in the play situation right before the child became upset?","Adding notes about sharing, rules, and personal space may help identify the pattern.","social conflict","low","complex","high","validation","yes","draft"
"156","v1","My child cried after a classmate said they could not join the game.","6-8","school playground","Classmate said child could not join the game","Cried","Not clearly mentioned","no","Peer exclusion during play","Sadness or frustration","Not specified","Was there an adult nearby to help with joining play?","Practicing simple joining phrases may help in peer play situations.","social conflict","low","medium","medium","test","yes","draft"
"157","v1","My child pushed a sibling when the sibling took the last puzzle piece.","6-8","home","Sibling took the last puzzle piece","Pushed sibling","Not clearly mentioned","no","Conflict over final item in shared activity","Frustration","Not specified","Was there a plan for who placed the final piece?","Setting turns before starting a shared activity may reduce conflict.","social conflict","moderate","medium","low","test","yes","draft"
"158","v1","My child yelled when another child changed the building they had made.","6-8","classroom","Another child changed child's building","Yelled","Not clearly mentioned","no","Peer changed personal creation","Frustration","Not specified","Was the building meant to be shared or personal?","Clarifying shared versus personal materials may help during group play.","social conflict","low","medium","medium","test","yes","draft"
"159","v1","My child cried when a friend stopped playing and joined a different group.","9-12","playground","Friend stopped playing and joined a different group","Cried","Not clearly mentioned","no","Change in peer interaction","Sadness or disappointment","Not specified","Did the child understand why the friend left the game?","Helping the child choose another activity or peer may support the transition.","social conflict","low","complex","medium","test","yes","draft"
"160","v1","My child became upset when a peer corrected them during a group project.","9-12","school","Peer corrected child during a group project","Became upset","Not clearly mentioned","no","Peer correction during shared task","Embarrassment or frustration","Not specified","Was the correction said in a helpful or upsetting way?","Practicing how to ask for help or take feedback may support group work.","social conflict","low","complex","medium","test","yes","draft"
"161","v1","My child left the seat when the teacher started group instructions.","6-8","classroom","Teacher started group instructions","Left the seat","Not clearly mentioned","no","Difficulty staying seated during group instruction","Restlessness or reduced attention","Not specified","How long had the child been sitting before leaving the seat?","A short movement break before group instruction may help the child stay engaged.","classroom attention","low","easy","low","train","yes","draft"
"162","v1","My child looked around the room instead of starting the worksheet.","6-8","classroom","Worksheet was given","Looked around the room instead of starting","Not clearly mentioned","no","Difficulty beginning classroom task","Distraction or uncertainty","Not specified","Did the child understand the first step of the worksheet?","Pointing to the first problem or giving one simple start direction may help.","classroom attention","low","easy","low","train","yes","draft"
"163","v1","My child talked to a classmate while the teacher was explaining the activity.","6-8","classroom","Teacher was explaining the activity","Talked to a classmate","Not clearly mentioned","no","Difficulty attending during verbal instruction","Distractibility","Not specified","Was the instruction long or given during a noisy time?","Short instructions and a quick check for understanding may help.","classroom attention","low","medium","low","train","yes","draft"
"164","v1","My child tapped the pencil repeatedly during quiet work time.","9-12","classroom","Quiet work time started","Tapped the pencil repeatedly","Not clearly mentioned","no","Difficulty staying regulated during quiet task","Restlessness","Not specified","Was the task long or repetitive?","A quiet fidget option or short break may help during longer work periods.","classroom attention","low","medium","medium","train","yes","draft"
"165","v1","My child stared at the window when asked to copy sentences from the board.","6-8","classroom","Asked to copy sentences from the board","Stared at the window","Not clearly mentioned","no","Difficulty attending to copying task","Distraction or task fatigue","Not specified","Was copying from the board hard or visually tiring?","Providing a closer copy or breaking the copying task into parts may help.","classroom attention","low","medium","medium","train","yes","draft"
"166","v1","My child got up to sharpen a pencil several times during writing time.","9-12","classroom","Writing time started","Got up to sharpen a pencil several times","Not clearly mentioned","no","Avoidance or difficulty sustaining writing task","Restlessness or frustration","Not specified","Was the child avoiding the writing task or needing movement?","Checking if the writing task is too long may help understand the behavior.","classroom attention","low","medium","medium","train","yes","draft"
"167","v1","My child missed the direction because they were looking inside the desk.","6-8","classroom","Teacher gave a direction while child looked inside desk","Missed the direction","Not clearly mentioned","no","Attention shifted during instruction","Distraction","Not specified","What was the child looking for in the desk?","Clearing the desk before directions may help reduce distractions.","classroom attention","low","medium","low","train","yes","draft"
"168","v1","My child hummed during independent reading and did not finish the page.","6-8","classroom","Independent reading started","Hummed and did not finish the page","Not clearly mentioned","no","Difficulty staying engaged with reading task","Restlessness or low engagement","Not specified","Was the reading material too hard, too long, or not interesting?","A shorter reading goal may help the child stay with the task.","classroom attention","low","medium","medium","train","yes","draft"
"169","v1","My child watched other students instead of lining up when the teacher called the group.","6-8","classroom","Teacher called the group to line up","Watched other students instead of lining up","Not clearly mentioned","no","Difficulty following group transition direction","Distraction or uncertainty","Not specified","Did the child hear the line-up direction?","A visual or repeated cue may help the child follow group directions.","classroom attention","low","medium","low","train","yes","draft"
"170","v1","My child played with erasers during math instruction.","6-8","classroom","Math instruction started","Played with erasers","Not clearly mentioned","no","Difficulty attending during math instruction","Distraction or restlessness","Not specified","Was the math instruction too long or difficult?","Keeping only needed materials on the desk may reduce distraction.","classroom attention","low","easy","low","train","yes","draft"
"171","v1","My child asked to use the bathroom soon after a writing assignment began.","9-12","classroom","Writing assignment began","Asked to use the bathroom soon after","Not clearly mentioned","no","Possible avoidance of writing task","Frustration or task avoidance","Not specified","Does the child often ask to leave during writing tasks?","Tracking when bathroom requests happen may help identify patterns.","classroom attention","low","complex","medium","train","yes","draft"
"172","v1","My child put head down when the teacher gave a multi-step direction.","9-12","classroom","Teacher gave a multi-step direction","Put head down","Not clearly mentioned","no","Difficulty processing multi-step instruction","Overwhelm or confusion","Not specified","Were the steps written down or only spoken?","Breaking directions into one step at a time may help the child begin.","classroom attention","low","medium","medium","train","yes","draft"
"173","v1","My child left the seat but returned after the teacher pointed to the visual schedule.","6-8","classroom","Teacher started a desk task","Left the seat","Returned after teacher pointed to visual schedule","yes","Difficulty staying with classroom task","Restlessness followed by re-engagement","Teacher pointed to visual schedule","Did the visual schedule help the child know what to do next?","Using the visual schedule before the task starts may help support attention.","classroom attention","low","medium","low","validation","yes","draft"
"174","v1","My child did not start the worksheet until the teacher highlighted the first problem.","6-8","classroom","Worksheet was given","Did not start worksheet","Started after teacher highlighted the first problem","yes","Difficulty starting independent work","Uncertainty","Teacher highlighted first problem","Did showing the first step help the child begin?","Marking the first step may help with task initiation.","classroom attention","low","medium","low","validation","yes","draft"
"175","v1","My child seemed distracted during class, but it was unclear if the issue was noise, task difficulty, or tiredness.","6-8","classroom","Class activity was underway","Seemed distracted","Not clearly mentioned","no","Unclear attention difficulty","Tiredness, overwhelm, or distraction","Not specified","What was happening in the room when the distraction started?","Adding notes about noise, task type, and sleep may help identify patterns.","classroom attention","low","complex","high","validation","yes","draft"
"176","v1","My child missed the start of the activity after looking at materials in the backpack.","9-12","classroom","Activity started while child looked in backpack","Missed the start of the activity","Not clearly mentioned","no","Attention shifted away during transition","Distraction","Not specified","Was the child looking for something needed or unrelated?","Preparing materials before the activity may reduce missed directions.","classroom attention","low","medium","medium","test","yes","draft"
"177","v1","My child walked around the room during independent work time.","6-8","classroom","Independent work time started","Walked around the room","Not clearly mentioned","no","Difficulty staying with independent task","Restlessness or avoidance","Not specified","Was the task too long or unclear?","A short work goal followed by a movement break may help.","classroom attention","low","medium","low","test","yes","draft"
"178","v1","My child kept asking what to do even after the teacher explained the task.","6-8","classroom","Teacher explained the task","Kept asking what to do","Not clearly mentioned","no","Unclear understanding of task directions","Confusion or anxiety","Not specified","Were the directions written or repeated individually?","A simple written checklist may help the child remember the steps.","classroom attention","low","medium","medium","test","yes","draft"
"179","v1","My child looked at the ceiling and did not answer when called during group discussion.","9-12","classroom","Teacher called on child during group discussion","Looked at the ceiling and did not answer","Not clearly mentioned","no","Difficulty responding during group attention task","Uncertainty or disengagement","Not specified","Was the child prepared to answer or surprised by being called on?","Giving wait time or a preview question may help the child respond.","classroom attention","low","complex","medium","test","yes","draft"
"180","v1","My child played with shoelaces while the class practiced reading aloud.","6-8","classroom","Class practiced reading aloud","Played with shoelaces","Not clearly mentioned","no","Difficulty attending during group reading","Restlessness or distraction","Not specified","Was the child waiting a long time for their turn?","A quiet hand activity or clear turn cue may help during group reading.","classroom attention","low","medium","medium","test","yes","draft"
"181","v1","My child cried when asked to wait for a turn on the swing.","3-5","playground","Asked to wait for a turn on the swing","Cried","Not clearly mentioned","no","Waiting for preferred activity","Frustration","Not specified","Was the child shown when their turn would come?","A simple turn-taking cue or countdown may help make waiting clearer.","waiting / turn-taking","low","easy","low","train","yes","draft"
"182","v1","My child yelled when another child had the first turn with the toy car.","3-5","home","Another child had the first turn with the toy car","Yelled","Not clearly mentioned","no","Waiting for toy turn","Frustration","Not specified","Was the turn order explained before play started?","A clear first-next turn reminder may help make sharing more predictable.","waiting / turn-taking","low","easy","low","train","yes","draft"
"183","v1","My child grabbed the game piece when it was not their turn.","6-8","home","It was not child's turn in the game","Grabbed the game piece","Not clearly mentioned","no","Difficulty waiting during game","Impulsivity or frustration","Not specified","Did the child understand the turn order?","Using a turn card may help the child see whose turn it is.","waiting / turn-taking","low","medium","low","train","yes","draft"
"184","v1","My child cried while waiting in line at the store checkout.","3-5","store","Waiting in line at store checkout","Cried","Not clearly mentioned","no","Waiting in public line","Frustration or tiredness","Not specified","How long had the child been waiting?","A small waiting activity may help during short public waits.","waiting / turn-taking","low","medium","medium","train","yes","draft"
"185","v1","My child shouted when the teacher called another student before them.","6-8","classroom","Teacher called another student before child","Shouted","Not clearly mentioned","no","Waiting to be called on","Frustration","Not specified","Did the child know when their turn would come?","A visible turn order may help during classroom activities.","waiting / turn-taking","low","medium","low","train","yes","draft"
"186","v1","My child refused to continue the board game after losing a turn.","6-8","home","Child lost a turn in the board game","Refused to continue the game","Not clearly mentioned","no","Difficulty with game turn outcome","Disappointment or frustration","Not specified","Was losing a turn explained before the game started?","Practicing short games with simple rules may help build comfort with turn changes.","waiting / turn-taking","low","medium","low","train","yes","draft"
"187","v1","My child cried when asked to wait until after dinner for dessert.","3-5","home","Asked to wait until after dinner for dessert","Cried","Not clearly mentioned","no","Waiting for preferred food","Frustration","Not specified","Was the dessert routine explained before dinner?","A first-dinner-then-dessert reminder may help clarify the order.","waiting / turn-taking","low","easy","low","train","yes","draft"
"188","v1","My child pushed ahead when waiting to wash hands before snack.","3-5","classroom","Waiting to wash hands before snack","Pushed ahead","Not clearly mentioned","no","Waiting in routine line","Frustration or impatience","Not specified","Was there a clear line order?","A line marker or turn reminder may help with waiting routines.","waiting / turn-taking","moderate","medium","low","train","yes","draft"
"189","v1","My child yelled when a sibling used the bike first.","6-8","home","Sibling used the bike first","Yelled","Not clearly mentioned","no","Waiting for preferred item","Frustration","Not specified","Was the bike turn schedule clear?","A timer may help show when each person's turn starts and ends.","waiting / turn-taking","low","medium","low","train","yes","draft"
"190","v1","My child cried when asked to wait for help with homework while I finished cooking.","6-8","home","Asked to wait for homework help while caregiver finished cooking","Cried","Not clearly mentioned","no","Waiting for adult help","Frustration or worry","Caregiver was cooking","Did the child know when help would be available?","A simple wait card or time estimate may help the child understand the delay.","waiting / turn-taking","low","complex","medium","train","yes","draft"
"191","v1","My child interrupted repeatedly while waiting to tell me something.","6-8","home","Waiting to tell caregiver something","Interrupted repeatedly","Not clearly mentioned","no","Difficulty waiting to speak","Excitement or impatience","Not specified","Was there a way for the child to show they had something to say?","A simple signal like placing a hand on the table may help while waiting to talk.","waiting / turn-taking","low","medium","medium","train","yes","draft"
"192","v1","My child got upset when the tablet had to be shared with a sibling.","6-8","home","Tablet had to be shared with sibling","Got upset","Not clearly mentioned","no","Taking turns with shared screen item","Frustration","Not specified","Was the sharing plan explained before tablet use?","A timer or written turn list may help make sharing more predictable.","waiting / turn-taking","low","medium","low","train","yes","draft"
"193","v1","My child cried while waiting for a turn but calmed after seeing their name on the turn list.","6-8","classroom","Waiting for a turn during class activity","Cried","Calmed after seeing name on turn list","yes","Waiting for classroom turn","Frustration followed by calming","Teacher showed turn list","Did seeing the turn list help the child understand when their turn would come?","A visible turn list may help reduce uncertainty during waiting.","waiting / turn-taking","low","medium","low","validation","yes","draft"
"194","v1","My child grabbed the toy but gave it back after the timer showed one minute left for the other child.","3-5","home","Other child still had time with the toy","Grabbed the toy","Gave it back after seeing timer","yes","Waiting for toy turn","Frustration followed by cooperation","Caregiver showed timer","Did the timer help make the waiting time clearer?","Using a timer may help show when turns change.","waiting / turn-taking","low","medium","low","validation","yes","draft"
"195","v1","My child became upset while waiting, but it was unclear if the issue was hunger, tiredness, or wanting the activity immediately.","3-5","public place","Waiting for an activity","Became upset","Not clearly mentioned","no","Unclear waiting difficulty","Frustration, hunger, or tiredness","Not specified","What else was happening before the child became upset while waiting?","Adding notes about time, hunger, and tiredness may help understand waiting patterns.","waiting / turn-taking","low","complex","high","validation","yes","draft"
"196","v1","My child cried when asked to wait for the elevator instead of taking the stairs.","6-8","public building","Asked to wait for the elevator","Cried","Not clearly mentioned","no","Waiting during public transition","Frustration","Not specified","Was the child expecting to take the stairs instead?","Explaining why waiting is needed may help with unexpected delays.","waiting / turn-taking","low","medium","medium","test","yes","draft"
"197","v1","My child yelled when the restaurant food did not arrive quickly.","6-8","restaurant","Food did not arrive quickly","Yelled","Not clearly mentioned","no","Waiting for food","Frustration or hunger","Not specified","Was the child hungry before arriving at the restaurant?","Bringing a quiet waiting activity may help during restaurant delays.","waiting / turn-taking","low","medium","medium","test","yes","draft"
"198","v1","My child refused to play after being told to wait for the next round.","6-8","home","Told to wait for the next round","Refused to play","Not clearly mentioned","no","Waiting for next game round","Frustration","Not specified","Did the child understand how long the wait would be?","A clear next-round reminder may help the child stay engaged.","waiting / turn-taking","low","medium","low","test","yes","draft"
"199","v1","My child pushed the button many times while waiting for the crosswalk signal.","6-8","street crossing","Waiting for crosswalk signal","Pushed the button many times","Not clearly mentioned","no","Waiting during safety routine","Impatience or uncertainty","Not specified","Did the child know the signal would change soon?","Explaining the wait-and-cross routine may help during street crossings.","waiting / turn-taking","low","medium","medium","test","yes","draft"
"200","v1","My child cried when a sibling chose the first movie for family night.","6-8","home","Sibling chose the first movie for family night","Cried","Not clearly mentioned","no","Waiting for choice turn","Disappointment","Not specified","Was the movie choice order explained before family night?","Taking turns choosing movies across nights may make the routine feel fair.","waiting / turn-taking","low","medium","low","test","yes","draft"
"201","v1","My child cried when asked to clean up toys before dinner.","3-5","home","Asked to clean up toys before dinner","Cried","Not clearly mentioned","no","Transition from play to cleanup","Frustration","Not specified","Was the child given a warning before cleanup started?","A cleanup song or short countdown may help prepare for the change.","cleanup difficulty","low","easy","low","train","yes","draft"
"202","v1","My child refused to put blocks back in the bin after playtime ended.","3-5","home","Playtime ended","Refused to put blocks back in the bin","Not clearly mentioned","no","Stopping play and starting cleanup","Frustration","Not specified","Was cleanup broken into small steps?","Asking for one small cleanup step at a time may make the task easier.","cleanup difficulty","low","easy","low","train","yes","draft"
"203","v1","My child yelled when I said all the cars had to be picked up.","3-5","home","Caregiver said toy cars had to be picked up","Yelled","Not clearly mentioned","no","Large cleanup demand","Frustration or overwhelm","Caregiver gave cleanup instruction","Were there many toys to clean at once?","Starting with one toy type, such as cars first, may make cleanup feel smaller.","cleanup difficulty","low","medium","low","train","yes","draft"
"204","v1","My child ran away when cleanup time started at preschool.","3-5","classroom","Cleanup time started","Ran away","Not clearly mentioned","no","Transition from classroom play to cleanup","Avoidance or frustration","Not specified","Was there a clear cleanup signal?","A consistent cleanup song or visual cue may help signal the change.","cleanup difficulty","moderate","medium","low","train","yes","draft"
"205","v1","My child threw a toy into the bin after being asked to clean up.","6-8","home","Asked to clean up","Threw a toy into the bin","Not clearly mentioned","no","Cleanup demand after play","Frustration","Not specified","Was the child upset about stopping play or about the cleanup task?","A calm reminder and smaller cleanup steps may help reduce frustration.","cleanup difficulty","moderate","medium","medium","train","yes","draft"
"206","v1","My child cried when asked to stop building and put the pieces away.","6-8","home","Asked to stop building and put pieces away","Cried","Not clearly mentioned","no","Ending preferred building activity","Disappointment","Not specified","Could the child save or take a picture of the project before cleanup?","Saving the project with a picture may help when cleanup means taking apart work.","cleanup difficulty","low","medium","low","train","yes","draft"
"207","v1","My child refused to clean the art supplies after painting.","6-8","home","Painting activity ended","Refused to clean art supplies","Not clearly mentioned","no","Messy activity cleanup","Avoidance or frustration","Not specified","Was the cleanup task messy or unclear?","A simple checklist for art cleanup may help show what to do first.","cleanup difficulty","low","medium","low","train","yes","draft"
"208","v1","My child cried when asked to put away the train set before bedtime.","3-5","home","Asked to put away train set before bedtime","Cried","Not clearly mentioned","no","Cleanup before bedtime transition","Frustration or tiredness","Not specified","Was the child tired or still focused on play?","A bedtime cleanup routine with one clear step may help.","cleanup difficulty","low","medium","medium","train","yes","draft"
"209","v1","My child pushed the basket away when I handed it to them for cleanup.","3-5","home","Caregiver handed cleanup basket","Pushed the basket away","Not clearly mentioned","no","Cleanup task demand","Frustration","Caregiver handed basket","Did the child understand what should go in the basket?","Showing one example item to put away may help start cleanup.","cleanup difficulty","low","easy","low","train","yes","draft"
"210","v1","My child yelled because cleanup started before they finished the puzzle.","6-8","home","Cleanup started before puzzle was finished","Yelled","Not clearly mentioned","no","Interrupted preferred activity","Frustration","Not specified","Was the child allowed to finish one small part before cleanup?","A last-piece or last-step warning may help before cleanup begins.","cleanup difficulty","low","medium","low","train","yes","draft"
"211","v1","My child left the room when asked to put laundry in the basket.","6-8","home","Asked to put laundry in the basket","Left the room","Not clearly mentioned","no","Household cleanup demand","Avoidance","Not specified","Was the task clear and small enough to start?","Giving one specific item to put away may help the child begin.","cleanup difficulty","low","medium","medium","train","yes","draft"
"212","v1","My child cried when asked to clean up after a playdate ended.","6-8","home","Playdate ended and cleanup was requested","Cried","Not clearly mentioned","no","Cleanup after social play","Tiredness or frustration","Not specified","Was the child tired after the playdate?","Doing cleanup together for a short time may help after busy social play.","cleanup difficulty","low","complex","medium","train","yes","draft"
"213","v1","My child refused cleanup but started after I asked them to put away only the red blocks.","3-5","home","Asked to clean up blocks","Refused cleanup","Started after caregiver asked for only red blocks","yes","Large cleanup task felt hard to start","Frustration followed by cooperation","Caregiver gave smaller cleanup step","Did sorting by color make cleanup easier to start?","Small, specific cleanup steps may help the child begin.","cleanup difficulty","low","medium","low","validation","yes","draft"
"214","v1","My child cried during cleanup but calmed after choosing which toy bin to fill first.","3-5","home","Cleanup started","Cried","Calmed after choosing which toy bin to fill first","yes","Cleanup task demand","Frustration followed by calming","Caregiver offered bin choice","Did choosing the first bin help the child feel involved?","Offering a limited cleanup choice may support cooperation.","cleanup difficulty","low","medium","low","validation","yes","draft"
"215","v1","My child became upset during cleanup, but it was unclear if they were tired, overwhelmed, or wanted to keep playing.","6-8","home","Cleanup started","Became upset","Not clearly mentioned","no","Unclear cleanup difficulty","Tiredness, overwhelm, or frustration","Not specified","What was happening right before cleanup started?","Adding notes about time of day and activity type may help identify cleanup patterns.","cleanup difficulty","low","complex","high","validation","yes","draft"
"216","v1","My child yelled when asked to put away markers after drawing.","6-8","home","Asked to put away markers after drawing","Yelled","Not clearly mentioned","no","Ending art activity with cleanup","Frustration","Not specified","Was the child finished drawing or interrupted?","A finished-or-save choice may help before putting art supplies away.","cleanup difficulty","low","medium","medium","test","yes","draft"
"217","v1","My child kicked a toy bin when told to clean the playroom.","6-8","home","Told to clean the playroom","Kicked a toy bin","Not clearly mentioned","no","Large cleanup demand","Overwhelm or frustration","Not specified","Was the playroom cleanup too broad as one instruction?","Breaking playroom cleanup into one area at a time may help.","cleanup difficulty","moderate","medium","low","test","yes","draft"
"218","v1","My child refused to throw away paper scraps after craft time.","6-8","home","Craft time ended","Refused to throw away paper scraps","Not clearly mentioned","no","Craft cleanup task","Avoidance or frustration","Not specified","Did the child know which scraps were trash and which were keepers?","Sorting keep and throw-away piles may help during craft cleanup.","cleanup difficulty","low","medium","medium","test","yes","draft"
"219","v1","My child cried when the teacher said centers were over and cleanup was starting.","3-5","classroom","Teacher said centers were over and cleanup was starting","Cried","Not clearly mentioned","no","Transition from classroom centers to cleanup","Frustration","Teacher gave cleanup instruction","Was there a warning before centers ended?","A visual timer before centers end may help children prepare for cleanup.","cleanup difficulty","low","medium","low","test","yes","draft"
"220","v1","My child refused to put the tablet charger away after screen time ended.","6-8","home","Screen time ended and charger needed to be put away","Refused to put the charger away","Not clearly mentioned","no","Cleanup linked to ending screen time","Frustration","Not specified","Was charger cleanup part of the usual screen-time routine?","Making charger cleanup a routine final step may help after screen time.","cleanup difficulty","low","complex","medium","test","yes","draft"
"221","v1","My child cried when asked to get dressed for school.","3-5","home","Asked to get dressed for school","Cried","Not clearly mentioned","no","Morning dressing task","Frustration or tiredness","Not specified","Was the child still sleepy or rushed?","A simple morning picture checklist may help show each step.","morning routine","low","easy","low","train","yes","draft"
"222","v1","My child refused to put on shoes before leaving the house.","3-5","home","It was time to leave the house","Refused to put on shoes","Not clearly mentioned","no","Transition from home to leaving","Frustration","Not specified","Was there a warning before it was time to leave?","Putting shoes on as the same step each morning may make the routine more predictable.","morning routine","low","easy","low","train","yes","draft"
"223","v1","My child yelled when breakfast was served before they were fully awake.","6-8","home","Breakfast was served soon after waking","Yelled","Not clearly mentioned","no","Morning wake-up transition","Tiredness or frustration","Not specified","Did the child have enough time to wake up before breakfast?","A few quiet minutes after waking may help the child ease into the morning.","morning routine","low","medium","medium","train","yes","draft"
"224","v1","My child hid under the blanket when I said it was time to get up.","3-5","home","Caregiver said it was time to get up","Hid under the blanket","Not clearly mentioned","no","Waking up and starting the day","Tiredness or avoidance","Caregiver gave wake-up instruction","Was bedtime later than usual the night before?","A calm wake-up routine may help make mornings less sudden.","morning routine","low","medium","medium","train","yes","draft"
"225","v1","My child cried when the shirt they wanted was in the laundry.","3-5","home","Preferred shirt was unavailable","Cried","Not clearly mentioned","no","Preferred clothing unavailable","Disappointment","Not specified","Was another clothing choice offered?","Offering two available clothing choices may help the child move forward.","morning routine","low","medium","low","train","yes","draft"
"226","v1","My child refused to brush teeth during the morning routine.","6-8","home","Morning toothbrushing step started","Refused to brush teeth","Not clearly mentioned","no","Morning hygiene task","Avoidance or frustration","Not specified","Is toothbrushing difficult in the morning or also at night?","A visual routine card may help show toothbrushing as one short step.","morning routine","low","easy","low","train","yes","draft"
"227","v1","My child ran away when I brought the school backpack to the door.","3-5","home","Caregiver brought school backpack to the door","Ran away","Not clearly mentioned","no","Leaving for school cue","Anxiety or avoidance","Not specified","Does the backpack signal a difficult transition?","Talking about the next step before showing the backpack may help prepare the child.","morning routine","moderate","medium","medium","train","yes","draft"
"228","v1","My child cried because the morning routine was rushed.","6-8","home","Morning routine was rushed","Cried","Not clearly mentioned","no","Rushed morning schedule","Stress or frustration","Not specified","Which step felt most rushed today?","Starting one step earlier or using a checklist may help reduce morning pressure.","morning routine","low","medium","medium","train","yes","draft"
"229","v1","My child refused breakfast because they wanted to finish playing first.","3-5","home","Child wanted to keep playing before breakfast","Refused breakfast","Not clearly mentioned","no","Transition from play to breakfast","Frustration","Not specified","Was play started before the main morning tasks were done?","Keeping play after breakfast or after dressing may make the routine clearer.","morning routine","low","medium","low","train","yes","draft"
"230","v1","My child yelled when I said the bus would arrive soon.","6-8","home","Caregiver said the bus would arrive soon","Yelled","Not clearly mentioned","no","Pressure before school departure","Anxiety or frustration","Caregiver gave bus reminder","Was the child ready or still completing morning tasks?","A visible countdown to bus time may help the child understand the remaining time.","morning routine","low","medium","medium","train","yes","draft"
"231","v1","My child cried when asked to put on a jacket before leaving.","3-5","home","Asked to put on a jacket before leaving","Cried","Not clearly mentioned","no","Morning clothing demand","Frustration or clothing discomfort","Not specified","Was the jacket uncomfortable or was the child upset about leaving?","Checking comfort and explaining why the jacket is needed may help.","morning routine","low","medium","medium","train","yes","draft"
"232","v1","My child refused to pack the lunchbox into the backpack.","6-8","home","Asked to pack lunchbox into backpack","Refused","Not clearly mentioned","no","Morning preparation task","Avoidance or frustration","Not specified","Did the child know where the lunchbox should go?","Making backpack packing one step on the checklist may help.","morning routine","low","easy","low","train","yes","draft"
"233","v1","My child cried during dressing but calmed after choosing between two shirts.","3-5","home","Morning dressing started","Cried","Calmed after choosing between two shirts","yes","Morning dressing task","Frustration followed by calming","Caregiver offered two shirt choices","Did having a small clothing choice help the child cooperate?","Offering limited choices may support smoother dressing.","morning routine","low","medium","low","validation","yes","draft"
"234","v1","My child refused shoes but put them on after seeing the morning checklist.","6-8","home","Asked to put on shoes","Refused shoes","Put shoes on after seeing morning checklist","yes","Morning leaving routine","Frustration followed by cooperation","Caregiver showed checklist","Did the checklist help show that shoes were the next step?","Using the checklist before giving reminders may help.","morning routine","low","medium","low","validation","yes","draft"
"235","v1","My child became upset in the morning, but it was unclear if they were tired, hungry, or worried about school.","6-8","home","Morning routine was underway","Became upset","Not clearly mentioned","no","Unclear morning difficulty","Tiredness, hunger, or worry","Not specified","What happened right before the child became upset?","Adding notes about sleep, breakfast, and school events may help find patterns.","morning routine","low","complex","high","validation","yes","draft"
"236","v1","My child cried when the usual breakfast food was not available before school.","6-8","home","Usual breakfast food was not available","Cried","Not clearly mentioned","no","Change in morning food routine","Disappointment or frustration","Not specified","Was the food change explained before breakfast?","Having one backup breakfast choice may help when the usual food is unavailable.","morning routine","low","medium","low","test","yes","draft"
"237","v1","My child refused to leave the house after forgetting a favorite item.","6-8","home","Favorite item was forgotten before leaving","Refused to leave the house","Not clearly mentioned","no","Morning routine disruption","Worry or frustration","Not specified","Was the item part of the usual leaving routine?","A small leaving checklist may help remember important items.","morning routine","low","complex","medium","test","yes","draft"
"238","v1","My child yelled when the sibling was ready first and waited by the door.","6-8","home","Sibling was ready first and waited by the door","Yelled","Not clearly mentioned","no","Comparison or pressure during morning routine","Frustration","Not specified","Did the child feel rushed by the sibling being ready?","Giving each child their own checklist may reduce comparison pressure.","morning routine","low","complex","medium","test","yes","draft"
"239","v1","My child cried when asked to stop watching cartoons and get ready for school.","6-8","home","Asked to stop watching cartoons and get ready for school","Cried","Not clearly mentioned","no","Transition from screen activity to school routine","Frustration","Not specified","Was screen time part of the morning routine or unexpected?","Keeping screens after key morning tasks may help reduce difficult transitions.","morning routine","low","medium","low","test","yes","draft"
"240","v1","My child refused to get in the car because the morning felt too fast.","6-8","home","It was time to get in the car after a rushed morning","Refused to get in the car","Not clearly mentioned","no","Rushed transition to car","Stress or frustration","Not specified","Which morning step took longer or felt rushed?","Preparing some items the night before may help reduce morning pressure.","morning routine","low","complex","medium","test","yes","draft"
"241","v1","My child cried when the store became crowded during checkout.","3-5","store","Store became crowded during checkout","Cried","Not clearly mentioned","no","Busy public place","Overwhelm","Not specified","Was the checkout area crowded or noisy?","A short break in a quieter area may help during busy store trips.","public place overload","low","easy","low","train","yes","draft"
"242","v1","My child covered ears when people were talking loudly in the mall.","6-8","mall","People were talking loudly in the mall","Covered ears","Not clearly mentioned","no","Loud public environment","Overwhelm","Not specified","Was the mall busier than usual?","Planning shorter mall visits or quiet breaks may help.","public place overload","low","medium","low","train","yes","draft"
"243","v1","My child refused to enter the restaurant because it looked crowded.","6-8","restaurant","Restaurant looked crowded","Refused to enter","Not clearly mentioned","no","Crowded public setting","Anxiety or overwhelm","Not specified","Was the child expecting a quieter place?","Previewing the restaurant setting before entering may help the child prepare.","public place overload","low","medium","medium","train","yes","draft"
"244","v1","My child cried when the airport line moved slowly and people stood close together.","6-8","airport","Airport line moved slowly and people stood close together","Cried","Not clearly mentioned","no","Crowded waiting area","Overwhelm or frustration","Not specified","Was the child tired or uncomfortable while waiting?","A small waiting activity and personal space reminders may help in long lines.","public place overload","low","complex","medium","train","yes","draft"
"245","v1","My child yelled when the grocery cart stopped in a busy aisle.","3-5","grocery store","Grocery cart stopped in a busy aisle","Yelled","Not clearly mentioned","no","Stopped movement in crowded aisle","Frustration or overwhelm","Not specified","Was the child expecting to keep moving?","Explaining short stops during shopping may help reduce frustration.","public place overload","low","medium","medium","train","yes","draft"
"246","v1","My child hid behind me when many people entered the elevator.","3-5","public building","Many people entered the elevator","Hid behind caregiver","Not clearly mentioned","no","Crowded small space","Overwhelm or anxiety","Not specified","Was the elevator crowded or noisy?","Waiting for a less crowded elevator may help in busy places.","public place overload","low","medium","low","train","yes","draft"
"247","v1","My child cried when the music was loud at the community event.","6-8","community event","Music was loud at the community event","Cried","Not clearly mentioned","no","Loud public event","Overwhelm","Not specified","Was there a quieter area nearby?","Standing farther from speakers or taking quiet breaks may help.","public place overload","low","medium","low","train","yes","draft"
"248","v1","My child refused to walk into the crowded school hallway.","6-8","school","School hallway was crowded","Refused to walk into hallway","Not clearly mentioned","no","Crowded school transition area","Overwhelm or anxiety","Not specified","Was the hallway noisier than usual?","Walking slightly earlier or later may help avoid the busiest hallway time.","public place overload","low","medium","low","train","yes","draft"
"249","v1","My child cried when the public restroom had loud flushing sounds.","3-5","public restroom","Public restroom had loud flushing sounds","Cried","Not clearly mentioned","no","Loud restroom sounds","Startle or overwhelm","Not specified","Does the child usually react to restroom sounds?","A warning before flushing or using a quieter restroom may help.","public place overload","low","medium","low","train","yes","draft"
"250","v1","My child became upset when the playground was too busy and noisy.","3-5","playground","Playground was busy and noisy","Became upset","Not clearly mentioned","no","Busy playground environment","Overwhelm","Not specified","Was there a quieter part of the playground available?","Choosing a calmer play area may help when the playground is crowded.","public place overload","low","easy","low","train","yes","draft"
"251","v1","My child cried while waiting in a crowded clinic lobby.","6-8","clinic lobby","Clinic lobby was crowded","Cried","Not clearly mentioned","no","Crowded waiting area","Overwhelm or worry","Not specified","Was the child waiting for a long time?","A quiet waiting activity may help during busy appointments.","public place overload","low","medium","medium","train","yes","draft"
"252","v1","My child covered ears when the train station announcement played loudly.","9-12","train station","Train station announcement played loudly","Covered ears","Not clearly mentioned","no","Sudden loud public announcement","Startle or overwhelm","Not specified","Was the announcement unexpected?","Preparing for loud announcements may help in transit places.","public place overload","low","medium","low","train","yes","draft"
"253","v1","My child cried in the store but calmed after we stepped outside for a few minutes.","3-5","store","Store became overwhelming","Cried","Calmed after stepping outside for a few minutes","yes","Busy public environment","Overwhelm followed by calming","Caregiver stepped outside with child","Did the short break outside help the child settle?","Planning short breaks may help during longer errands.","public place overload","low","medium","low","validation","yes","draft"
"254","v1","My child refused to enter the mall but walked in after we talked about going to one quiet store first.","6-8","mall","Mall entrance looked busy","Refused to enter","Entered after caregiver explained one quiet store first","yes","Busy public place","Overwhelm followed by cooperation","Caregiver previewed first stop","Did knowing the first stop make the visit feel easier?","Previewing one clear step may help in busy public places.","public place overload","low","complex","medium","validation","yes","draft"
"255","v1","My child became upset in public, but it was unclear if the issue was noise, crowding, lights, or waiting.","6-8","public place","Public setting became difficult","Became upset","Not clearly mentioned","no","Unclear public place overload","Overwhelm or frustration","Not specified","What changed right before the child became upset?","Noting noise, crowding, lights, and waiting time may help identify patterns.","public place overload","low","complex","high","validation","yes","draft"
"256","v1","My child cried when a store worker spoke loudly over the speaker.","6-8","store","Store worker spoke loudly over speaker","Cried","Not clearly mentioned","no","Loud speaker announcement","Startle or overwhelm","Not specified","Did the loudspeaker surprise the child?","A calm explanation after sudden sounds may help the child understand what happened.","public place overload","low","medium","medium","test","yes","draft"
"257","v1","My child refused to sit in the busy food court.","9-12","mall food court","Food court was busy","Refused to sit","Not clearly mentioned","no","Crowded eating area","Overwhelm","Not specified","Was the food court too noisy or crowded?","Finding a quieter table or eating at a less busy time may help.","public place overload","low","medium","low","test","yes","draft"
"258","v1","My child cried when people stood too close in the museum line.","6-8","museum","People stood close in line","Cried","Not clearly mentioned","no","Crowded line with limited personal space","Overwhelm or discomfort","Not specified","Was personal space difficult in the line?","Leaving a little extra space when possible may help the child feel calmer.","public place overload","low","medium","medium","test","yes","draft"
"259","v1","My child became upset after bright lights and loud sounds at the arcade.","9-12","arcade","Bright lights and loud sounds were present","Became upset","Not clearly mentioned","no","Multiple sensory inputs in public place","Overwhelm","Not specified","Which part seemed hardest: lights, sound, crowd, or waiting?","Shorter visits or quieter times may help in highly stimulating places.","public place overload","low","complex","medium","test","yes","draft"
"260","v1","My child cried when the store trip took longer than expected.","6-8","store","Store trip took longer than expected","Cried","Not clearly mentioned","no","Long public outing","Frustration or tiredness","Not specified","Was the child tired, hungry, or unsure how long the trip would take?","A simple plan for how many stops remain may help during longer errands.","public place overload","low","complex","medium","test","yes","draft"
"261","v1","My child cried when I left them at school drop-off.","3-5","school drop-off","Caregiver left at school drop-off","Cried","Not clearly mentioned","no","Separation from caregiver","Worry or sadness","Not specified","Was the drop-off routine the same as usual?","A short and predictable goodbye routine may help make drop-off clearer.","separation anxiety","low","easy","low","train","yes","draft"
"262","v1","My child held onto my leg when it was time to enter the classroom.","3-5","school drop-off","It was time to enter the classroom","Held onto caregiver's leg","Not clearly mentioned","no","Separating at classroom entrance","Worry","Not specified","Was the child greeted by a familiar adult?","A familiar greeting routine may help the child feel more secure at drop-off.","separation anxiety","low","easy","low","train","yes","draft"
"263","v1","My child cried when the babysitter arrived and I got ready to leave.","3-5","home","Babysitter arrived and caregiver got ready to leave","Cried","Not clearly mentioned","no","Caregiver leaving with babysitter present","Worry or sadness","Not specified","Does the child know what will happen while the caregiver is away?","Previewing the plan before the babysitter arrives may help.","separation anxiety","low","medium","low","train","yes","draft"
"264","v1","My child refused to walk into daycare after seeing me leave the car.","3-5","daycare","Caregiver prepared to leave the car at daycare","Refused to walk into daycare","Not clearly mentioned","no","Morning separation at daycare","Worry or reluctance","Not specified","Was the daycare routine different today?","Keeping the same drop-off steps each day may help reduce uncertainty.","separation anxiety","low","medium","low","train","yes","draft"
"265","v1","My child cried when I said goodbye at the therapy waiting room.","3-5","therapy waiting room","Caregiver said goodbye in waiting room","Cried","Not clearly mentioned","no","Temporary separation before session","Worry","Caregiver said goodbye","Was the child told when the caregiver would return?","A simple return statement, such as I will be back after your session, may help.","separation anxiety","low","medium","medium","train","yes","draft"
"266","v1","My child kept asking if I would come back after I dropped them off.","6-8","school drop-off","Caregiver dropped child off","Kept asking if caregiver would come back","Not clearly mentioned","no","Worry about caregiver returning","Anxiety or uncertainty","Not specified","Does the child ask this question often at drop-off?","A consistent goodbye phrase may help reassure the child.","separation anxiety","low","medium","low","train","yes","draft"
"267","v1","My child cried when I left the room during a family gathering.","3-5","relative home","Caregiver left the room during family gathering","Cried","Not clearly mentioned","no","Caregiver moved out of sight","Worry or uncertainty","Not specified","Was the child in an unfamiliar place or with unfamiliar people?","Letting the child know before stepping away may help reduce surprise.","separation anxiety","low","medium","medium","train","yes","draft"
"268","v1","My child followed me around the house after I mentioned leaving for an appointment.","6-8","home","Caregiver mentioned leaving for an appointment","Followed caregiver around the house","Not clearly mentioned","no","Anticipation of caregiver leaving","Worry","Not specified","Was the child told who would stay with them?","Explaining the plan and who will be present may help the child prepare.","separation anxiety","low","medium","low","train","yes","draft"
"269","v1","My child cried when I walked away from the playground bench to talk to another parent.","3-5","playground","Caregiver walked away from bench to talk to another parent","Cried","Not clearly mentioned","no","Caregiver moved farther away in public place","Worry","Not specified","Could the child still see the caregiver?","Telling the child where you will stand may help them feel oriented.","separation anxiety","low","medium","medium","train","yes","draft"
"270","v1","My child refused to enter the birthday party without me staying nearby.","3-5","birthday party","Caregiver was not going to stay nearby","Refused to enter the party","Not clearly mentioned","no","Separation in social setting","Worry or hesitation","Not specified","Was the child familiar with the people at the party?","Entering together briefly and showing where the caregiver will be may help.","separation anxiety","low","complex","medium","train","yes","draft"
"271","v1","My child cried when a grandparent picked them up instead of me.","6-8","school pickup","Grandparent picked child up instead of caregiver","Cried","Not clearly mentioned","no","Change in pickup person","Worry or disappointment","Not specified","Was the pickup change explained before school?","Previewing pickup changes may help the child know what to expect.","separation anxiety","low","medium","low","train","yes","draft"
"272","v1","My child became upset when I stepped outside to bring in a package.","3-5","home","Caregiver stepped outside to bring in a package","Became upset","Not clearly mentioned","no","Caregiver briefly left child's view","Worry","Not specified","Did the child know the caregiver was coming right back?","A short statement before stepping away may help with brief separations.","separation anxiety","low","easy","low","train","yes","draft"
"273","v1","My child cried at drop-off but calmed after the teacher showed the morning activity.","3-5","school drop-off","Caregiver left at drop-off","Cried","Calmed after teacher showed morning activity","yes","Separation during school drop-off","Worry followed by calming","Teacher showed morning activity","Did seeing the first activity help the child settle?","A predictable first activity may help after drop-off.","separation anxiety","low","medium","low","validation","yes","draft"
"274","v1","My child held onto me at daycare but joined the group after seeing a familiar friend.","3-5","daycare","It was time to separate at daycare","Held onto caregiver","Joined group after seeing familiar friend","yes","Separation at daycare","Worry followed by engagement","Familiar friend was present","Did seeing a familiar person help with the transition?","A familiar greeting person may help support separation.","separation anxiety","low","medium","low","validation","yes","draft"
"275","v1","My child became upset before I left, but it was unclear if they were worried about school, tired, or upset about the morning rush.","6-8","home","Caregiver was preparing to leave for school drop-off","Became upset","Not clearly mentioned","no","Unclear separation-related worry","Worry, tiredness, or frustration","Not specified","What happened right before the child became upset?","Adding notes about sleep, routine, and school events may help identify patterns.","separation anxiety","low","complex","high","validation","yes","draft"
"276","v1","My child cried when I said I would wait in the lobby instead of staying in the room.","6-8","therapy setting","Caregiver said they would wait in the lobby","Cried","Not clearly mentioned","no","Separation during appointment or session","Worry","Caregiver explained waiting location","Did the child know where the caregiver would be?","Showing the waiting location may help the child understand the separation.","separation anxiety","low","medium","medium","test","yes","draft"
"277","v1","My child refused to go with the activity leader unless I walked with them first.","3-5","community class","Activity leader invited child to join without caregiver","Refused to go with leader","Not clearly mentioned","no","Separation during community activity","Worry or hesitation","Not specified","Was the activity leader familiar to the child?","A short walk together at the start may help the child enter the activity.","separation anxiety","low","medium","low","test","yes","draft"
"278","v1","My child cried when I left for work earlier than usual.","6-8","home","Caregiver left for work earlier than usual","Cried","Not clearly mentioned","no","Change in caregiver leaving routine","Worry or disappointment","Not specified","Was the earlier departure explained ahead of time?","Previewing changes to leaving time may help reduce surprise.","separation anxiety","low","medium","low","test","yes","draft"
"279","v1","My child kept checking the door after I left for an errand.","6-8","home","Caregiver left for an errand","Kept checking the door","Not clearly mentioned","no","Waiting for caregiver to return","Worry or uncertainty","Not specified","Did the child know when the caregiver would return?","A simple return plan may help the child understand what to expect.","separation anxiety","low","medium","medium","test","yes","draft"
"280","v1","My child cried when I left them with a relative in a new place.","3-5","relative home","Caregiver left child with relative in a new place","Cried","Not clearly mentioned","no","Separation in unfamiliar setting","Worry or uncertainty","Not specified","Was the child familiar with the place and person?","Spending a few minutes together in the new place before leaving may help.","separation anxiety","low","complex","medium","test","yes","draft"
"281","v1","My child cried when the usual morning order changed.","6-8","home","Usual morning order changed","Cried","Not clearly mentioned","no","Unexpected routine change","Frustration or uncertainty","Not specified","Which part of the morning routine changed?","Explaining the change before it happens may help the child prepare.","routine change","low","easy","low","train","yes","draft"
"282","v1","My child yelled when we drove a different route to school.","6-8","car","Caregiver drove a different route to school","Yelled","Not clearly mentioned","no","Change in familiar travel route","Uncertainty or frustration","Not specified","Was the route change explained before leaving?","Previewing route changes may help make travel feel more predictable.","routine change","low","medium","low","train","yes","draft"
"283","v1","My child refused dinner because we ate earlier than usual.","6-8","home","Dinner was served earlier than usual","Refused dinner","Not clearly mentioned","no","Change in mealtime schedule","Frustration or low hunger","Not specified","Was the child hungry at the earlier time?","Giving a simple schedule reminder may help when meals happen at a different time.","routine change","low","medium","medium","train","yes","draft"
"284","v1","My child cried when the regular teacher was absent.","6-8","school","Regular teacher was absent","Cried","Not clearly mentioned","no","Change in familiar adult","Worry or uncertainty","Not specified","Was the substitute teacher introduced clearly?","A simple explanation about who will help today may make the change easier.","routine change","low","medium","low","train","yes","draft"
"285","v1","My child became upset when the playground was closed and we had to go home.","3-5","playground","Playground was closed and family had to go home","Became upset","Not clearly mentioned","no","Unexpected change in planned activity","Disappointment","Not specified","Was an alternate activity offered?","Offering a simple backup plan may help when expected activities change.","routine change","low","medium","low","train","yes","draft"
"286","v1","My child yelled when bath time happened before dinner instead of after dinner.","3-5","home","Bath time happened before dinner instead of after dinner","Yelled","Not clearly mentioned","no","Change in evening routine order","Frustration or confusion","Not specified","Was the changed order explained before bath time?","Showing the changed order on a simple routine chart may help.","routine change","low","medium","low","train","yes","draft"
"287","v1","My child cried when the usual bedtime story was not available.","3-5","home","Usual bedtime story was not available","Cried","Not clearly mentioned","no","Change in bedtime routine item","Disappointment","Not specified","Was another familiar story offered?","Keeping a backup bedtime choice may help when a favorite item is unavailable.","routine change","low","easy","low","train","yes","draft"
"288","v1","My child refused to go inside because we skipped the usual walk after school.","6-8","home","Usual after-school walk was skipped","Refused to go inside","Not clearly mentioned","no","Change in after-school routine","Disappointment or frustration","Not specified","Was the skipped walk explained before arriving home?","Previewing skipped activities and offering another option may help.","routine change","low","medium","low","train","yes","draft"
"289","v1","My child became upset when a different caregiver picked them up from school.","6-8","school pickup","Different caregiver picked child up from school","Became upset","Not clearly mentioned","no","Change in pickup routine","Worry or uncertainty","Not specified","Was the pickup change explained earlier?","A pickup plan reminder may help when a different person is coming.","routine change","low","medium","medium","train","yes","draft"
"290","v1","My child cried when the weekend plan changed from visiting cousins to staying home.","6-8","home","Weekend plan changed from visiting cousins to staying home","Cried","Not clearly mentioned","no","Change in expected social plan","Disappointment","Not specified","Was the reason for the change explained?","A simple replacement activity may help when plans change unexpectedly.","routine change","low","complex","medium","train","yes","draft"
"291","v1","My child yelled when the usual cereal bowl was not clean.","3-5","home","Usual cereal bowl was not clean","Yelled","Not clearly mentioned","no","Change in familiar breakfast item","Frustration","Not specified","Was another bowl offered as a choice?","Offering two acceptable options may help when a familiar item is unavailable.","routine change","low","easy","low","train","yes","draft"
"292","v1","My child cried when music class was canceled.","6-8","home","Music class was canceled","Cried","Not clearly mentioned","no","Cancellation of expected activity","Disappointment","Not specified","Was the cancellation explained with what would happen instead?","A backup activity may help when a planned class is canceled.","routine change","low","medium","low","train","yes","draft"
"293","v1","My child got upset when the routine changed but calmed after we drew the new plan on paper.","6-8","home","Routine changed unexpectedly","Got upset","Calmed after caregiver drew the new plan on paper","yes","Unexpected routine change","Frustration followed by calming","Caregiver drew new plan","Did seeing the new plan help the child understand the change?","Drawing or writing the new plan may help make changes easier to follow.","routine change","low","medium","low","validation","yes","draft"
"294","v1","My child cried when the usual park visit changed to a library visit, but joined after seeing pictures of the library.","3-5","home","Usual park visit changed to library visit","Cried","Joined after seeing pictures of the library","yes","Change in outing plan","Disappointment followed by adjustment","Caregiver showed library pictures","Did seeing the new place help the child prepare?","Showing pictures of a changed plan may help reduce uncertainty.","routine change","low","complex","medium","validation","yes","draft"
"295","v1","My child became upset after a schedule change, but it was unclear if the issue was the new activity, timing, or missing the old plan.","6-8","home","Schedule changed","Became upset","Not clearly mentioned","no","Unclear response to routine change","Frustration or uncertainty","Not specified","Which part of the change seemed hardest for the child?","Adding notes about what changed may help identify which changes are most difficult.","routine change","low","complex","high","validation","yes","draft"
"296","v1","My child refused to get ready when the appointment time moved earlier.","6-8","home","Appointment time moved earlier","Refused to get ready","Not clearly mentioned","no","Change in timing of planned event","Frustration or stress","Not specified","Was the earlier time explained with enough notice?","A visual countdown may help when timing changes suddenly.","routine change","low","medium","medium","test","yes","draft"
"297","v1","My child cried when the usual bedtime routine changed because guests were visiting.","3-5","home","Bedtime routine changed because guests were visiting","Cried","Not clearly mentioned","no","Routine change due to visitors","Tiredness or frustration","Not specified","Which bedtime step was skipped or changed?","Keeping one familiar bedtime step may help during special evenings.","routine change","low","complex","medium","test","yes","draft"
"298","v1","My child became upset when the school assembly replaced the regular class activity.","9-12","school","School assembly replaced regular class activity","Became upset","Not clearly mentioned","no","Change in school schedule","Uncertainty or frustration","Not specified","Was the assembly explained before the schedule changed?","Previewing schedule changes may help the child know what to expect.","routine change","low","medium","medium","test","yes","draft"
"299","v1","My child yelled when the regular grocery store was closed and we went to a different one.","6-8","store","Regular grocery store was closed and family went to different store","Yelled","Not clearly mentioned","no","Change in familiar shopping place","Frustration or uncertainty","Not specified","Was the new store explained before arriving?","A simple explanation and first-stop plan may help in a different store.","routine change","low","complex","medium","test","yes","draft"
"300","v1","My child cried when the usual after-school snack was changed.","3-5","home","Usual after-school snack was changed","Cried","Not clearly mentioned","no","Change in familiar snack routine","Disappointment","Not specified","Was the snack change expected or sudden?","Offering a choice between two available snacks may help when the usual snack changes.","routine change","low","easy","low","test","yes","draft"
"398","v2","After reading a story, the child refused to get into bed and started jumping around the room.","3-5","home","Storytime ended","Child jumped on the bed while giggling and avoided bedtime.","No consequence noted","no","Excitement from the story","Playful","Encouraged counting down to bedtime","What strategies have worked in the past to help with bedtime?","Establishing a bedtime routine can help ease transitions.","bedtime resistance","low","easy","low","train","yes","draft"
"399","v2","At the daycare, the child resisted naptime by loudly singing instead of lying down.","3-5","daycare","Naptime started","Child sang loudly and danced around the room instead of resting.","No consequence noted","no","Transition to naptime","Energetic","Caregiver joined in singing briefly to redirect","How can we make naptime more appealing?","Creating a calming environment for naptime can support relaxation.","bedtime resistance","low","medium","medium","train","yes","draft"
"400","v2","During a visit to a relative's home, the child refused to stay in the bedroom for bedtime and wanted to play.","3-5","relative-home","Dinner ended","Child ran around the living room, insisting on playing more.","No consequence noted","no","Excitement from family visit","Happy","Caregiver offered to play one more game before bed","What activities can help ease this transition?","Offering a brief playtime followed by a calming activity can ease transitions.","bedtime resistance","low","easy","low","train","yes","draft"
"401","v2","At school, after a late snack, the child didn’t want to settle down for quiet time.","6-8","school-classroom","Snack time ended","Child sat at the desk talking loudly and refusing to get out materials.","No consequence noted","no","Transition from snack to quiet time","Excited","Teacher suggested a quiet reading time instead","What techniques can encourage quieter behavior?","Creating a quiet corner may help children relax during transitions.","bedtime resistance","low","medium","medium","train","yes","draft"
"402","v2","At a public restaurant, the child was asked to sit quietly after dinner but kept getting up.","6-8","public-restaurant","Dinner was served","Child stood up repeatedly and asked to go play outside.","No consequence noted","no","Being in a busy environment","Restless","Caregiver reminded the child about table manners","How can we encourage sitting still during meals?","Positive reinforcement for sitting still can help.","bedtime resistance","low","medium","medium","train","yes","draft"
"403","v2","After a fun day at the park, the child resisted going home and loudly protested.","6-8","other-public","Playtime ended","Child yelled that they didn’t want to leave and sat on the ground.","No consequence noted","no","Excitement from play","Frustrated","Caregiver offered a small treat for coming home","What incentives might work in these moments?","Offering a small reward can help with transitions.","bedtime resistance","low","medium","medium","train","yes","draft"
"404","v2","At home, the child refused to change into pajamas after bath time and hid behind the curtain.","6-8","home","Bath time ended","Child giggled and ducked away when asked to change.","No consequence noted","no","Fun during bath","Playful","Caregiver offered a fun pajama choice","What other options can make getting ready for bed enjoyable?","Involving the child in choices can help them feel more in control.","bedtime resistance","low","medium","medium","train","yes","draft"
"405","v2","During a public transport ride, the child repeatedly asked to get off, not wanting to reach their destination.","9-12","public-transport","Journey started","Child kept saying they wanted to leave the bus and go play instead.","No consequence noted","no","Excitement about getting to a fun place","Excited","Caregiver reminded child of the fun activity planned at the destination","How can you help them understand the importance of waiting?","Discussing the plans ahead of time can help set expectations.","bedtime resistance","low","medium","medium","train","yes","draft"
"406","v2","While getting ready for bed, the child started throwing toys around the room instead of putting them away.","9-12","home","Bedtime reminder given","Child threw toys across the room, refusing to clean up.","Child eventually picked up toys after being given a choice to either clean up or lose a toy for the night.","yes","Frustration over bedtime tasks","Annoyed","Caregiver offered to help clean up together","What ways can we motivate the child to clean up?","Making clean-up a game may encourage participation.","bedtime resistance","moderate","medium","medium","train","yes","draft"
"407","v2","At the playground, the child climbed too high on the equipment and ignored calls to come down.","9-12","school-playground","Playtime was ending","Child climbed to the top of the slide and yelled down, refusing to come down.","Child climbed down after the caregiver approached and offered to help.","yes","Excitement from climbing","Concerned","Caregiver calmly reminded about safety while climbing","What can we do to reinforce safe play?","Reviewing safety rules before play can help set expectations.","bedtime resistance","high","complex","high","train","yes","draft"
"408","v2","During a family meal, the child kept asking to leave the table before finishing dinner.","9-12","public-restaurant","Dinner served","Child fidgeted and wanted to leave the table repeatedly.","Child stayed after the caregiver reminded them of dessert afterwards.","yes","Desire to leave for dessert","Impatient","Caregiver offered a fun countdown to dessert","What can help them understand the importance of mealtime?","Creating a fun mealtime tradition might reinforce staying at the table.","bedtime resistance","moderate","medium","medium","train","yes","draft"
"409","v2","After a long day, the child became upset and refused to go to bed, insisting on watching TV.","9-12","home","Day ended","Child began crying and shouting they wanted to stay up later.","Child calmed down after the caregiver offered a favorite bedtime story instead of TV.","yes","Fatigue from the day","Tired","Caregiver offered choices to help manage expectations","What options can they pick to help with bedtime?","Offering choices helps children feel more involved in their routine.","bedtime resistance","moderate","medium","medium","train","yes","draft"
"410","v2","At the daycare, the child shouted and ran away when it was time to line up for nap.","6-8","daycare","Nap time started","Child bolted from the group, laughing, and hid behind a toy shelf.","No consequence noted","no","Transition to nap time","Playful","Caregiver gently guided the child back","How can we make lining up more fun?","Incorporating games when lining up can help ease transitions.","bedtime resistance","low","medium","medium","train","yes","draft"
"411","v2","At home, the child refused to turn off the video game when asked to get ready for bed.","9-12","home","Screen time ended","Child shouted they wanted to play for just a few more minutes.","No consequence noted","no","Enjoyment of the game","Frustrated","Caregiver set a timer to signal the end of screen time","How can we effectively signal the end of screen time?","Using a timer can provide clear expectations for transitions.","bedtime resistance","low","medium","medium","train","yes","draft"
"412","v2","While visiting a friend's house, the child did not want to leave when it was bedtime and started to cry.","6-8","relative-home","Play ended","Child clung to a toy and cried, refusing to leave.","Child agreed to leave only after being promised a playdate next week.","yes","Fun play session","Sad","Caregiver reassured the child about future visits","What can we do to prepare them for leaving their friends?","Discussing upcoming visits can help ease goodbyes.","bedtime resistance","moderate","medium","medium","validation","yes","draft"
"413","v2","During a grocery shopping trip, the child began to run away from the cart when asked to stay close.","9-12","public-store","Shopping started","Child dashed down the aisle, laughing and ignoring the caregiver.","Child returned to the cart after the caregiver calmly asked them to come back.","yes","Excitement in store","Playful","Caregiver explained the importance of staying close","How can we keep them safe while shopping?","Establishing rules before shopping trips can help set expectations.","bedtime resistance","high","complex","high","validation","yes","draft"
"414","v2","At home, the child argued about brushing teeth and refused to get up from the couch.","6-8","home","Bedtime routine started","Child shouted they did not want to brush their teeth.","No consequence noted","no","Tiredness before bed","Frustrated","Caregiver offered to brush together","What are some fun ways to encourage tooth brushing?","Making it a game can make it more engaging for them.","bedtime resistance","low","medium","medium","test","yes","draft"
"415","v2","At the playground, the child did not listen when called to come down from the climbing structure.","9-12","school-playground","Playtime was ending","Child climbed higher, ignoring the caregiver's calls.","Child finally came down after the caregiver approached closely and called again.","yes","Excitement from climbing","Concerned","Caregiver reminded about the importance of safety","What strategies can help reinforce listening in play areas?","Discussing rules of play before arriving can help set expectations.","bedtime resistance","moderate","medium","medium","test","yes","draft"
"416","v2","At home, the child kept asking for snacks instead of getting ready for bed after dinner.","6-8","home","Dinner ended","Child kept insisting they were hungry and refused to go to the bathroom.","No consequence noted","no","Desire for more food","Hungry","Caregiver offered a small snack before bedtime routine","What can help manage their requests for snacks?","Setting a snack time may help reduce requests at bedtime.","bedtime resistance","low","medium","medium","test","yes","draft"
"417","v2","During a family gathering, the child locked themselves in a room instead of coming out for bedtime.","9-12","relative-home","Bedtime was announced","Child refused to open the door and shouted that they didn’t want to sleep yet.","Child finally opened the door after the caregiver calmly knocked and spoke with them.","yes","Excitement about the gathering","Frustrated","Caregiver calmly negotiated for a bedtime routine","How can we prevent locking doors during bedtime?","Discussing boundaries about privacy and safety can help.","bedtime resistance","high","complex","high","test","yes","draft"
"418","v2","The child was asked to turn off the TV and go to bed. They argued about wanting to watch one more show.","6-8","home","Child was watching TV before bedtime.","Child shouted that they would not go to bed.","Child eventually turned off the TV and went to their room.","yes","TV time ending","Frustrated","Caregiver reminded them of the bedtime routine.","What can we do to make bedtime easier?","Creating a consistent bedtime routine can help children transition smoothly.","bedtime resistance","low","medium","medium","train","yes","draft"
"419","v2","While getting ready for bed, the child suddenly ran out of the bedroom when asked to brush their teeth.","9-12","home","Child was in their bedroom preparing for bed.","Child dashed out of the room and down the hallway.","Child stopped at the end of the hallway and laughed.","yes","Transition to nighttime routine","Playful","Caregiver calmly asked them to return to brush their teeth.","What strategies can we use to encourage them to stay in the bedroom?","Using visual schedules may help them understand the bedtime steps.","bedtime resistance","moderate","medium","low","train","yes","draft"
"420","v2","At a relative's house, the child was told it was time for bed. They began to cry and refused to leave the play area.","3-5","relative-home","Child was playing with toys and didn't want to stop.","Child laid on the floor and cried loudly.","Child eventually stood up and walked to the bedroom with assistance from the caregiver.","yes","Transition from playtime to bedtime","Upset","Caregiver offered a comforting hug and promised to play again tomorrow.","How can we make the transition smoother in the future?","Offering a calming activity before bed may help ease transitions.","bedtime resistance","low","medium","high","validation","yes","draft"
"421","v2","While out at a restaurant, the child was told it was getting late and time to go home. They refused to leave their seat and started to throw utensils.","9-12","public-restaurant","Child was having fun at the table.","Child threw a fork across the table when asked to go home.","Child calmed down after the caregiver suggested a fun game for the ride home.","yes","Ending a fun activity","Frustrated","Caregiver redirected their attention to a game, which helped them settle down.","What can we do to prepare them for leaving fun places?","Discussing plans before leaving can help them prepare for transitions.","bedtime resistance","high","complex","medium","test","yes","draft"
"422","v2","At home, the child was invited to get ready for bed, but they insisted on playing one more round of their game.","6-8","home","Child was focused on their game before bedtime.","Child argued back and stated they would not stop playing.","Child eventually agreed to play for five more minutes before heading to bed.","yes","Desire to continue playing","Focused","Caregiver set a timer to help them manage their playtime.","How can we make the bedtime routine more enjoyable for them?","Incorporating a favorite book into the routine may encourage smoother transitions.","bedtime resistance","low","easy","medium","train","yes","draft"
"523","v2","Child was asked to put away toys after playtime.","3-5","home","Playtime ended","Child ignored request and continued playing with blocks.","No consequence noted","no","Transition to clean-up time","None noted","Gently reminded the child to help with clean-up.","How can we make clean-up time more fun?","Use a timer to make clean-up a game.","classroom attention","low","easy","low","train","yes","draft"
"524","v2","During circle time, the teacher asked a question.","6-8","school-classroom","Teacher's question","Child talked to a friend instead of answering.","No consequence noted","no","Peer interaction","Unknown","Encouraged the child to raise their hand next time.","What interests you about the topic?","Encourage participation by using interesting materials.","classroom attention","low","medium","medium","train","yes","draft"
"525","v2","While waiting for lunch, the child was restless.","6-8","school-classroom","Waiting for food","Child started tapping their foot and humming.","No consequence noted","no","Hunger","None noted","Suggested taking deep breaths to calm down.","What foods would you like to have for lunch?","Introduce calming strategies during waiting times.","classroom attention","low","medium","low","train","yes","draft"
"526","v2","Child was playing outside with friends.","6-8","school-playground","Playtime","Child suddenly ran away from the group.","Child stopped after being called back by caregiver.","yes","Peer activity","Excitement","Called the child back and reminded them to stay close.","What do you think is safe when playing outside?","Discuss boundaries and safety while playing.","classroom attention","moderate","medium","medium","train","yes","draft"
"527","v2","In the store, the child saw a toy.","6-8","public-store","Seeing a toy on the shelf","Child started to shout for the toy loudly.","Child calmed down after being offered to choose a snack instead.","yes","Desire for the toy","Frustration","Offered a distraction to soothe the child.","What toys do you like most?","Use distractions to navigate stores more smoothly.","classroom attention","moderate","medium","high","train","yes","draft"
"528","v2","At home, parent mentioned leaving soon.","3-5","home","Preparing to leave","Child grabbed a toy and sat down on the floor.","No consequence noted","no","Change in routine","None noted","Reminded the child to help pack up.","What toy do you want to take with us?","Involve the child in the transition process.","classroom attention","low","easy","low","train","yes","draft"
"529","v2","During a quiet activity, a loud noise occurred outside.","9-12","other-public","Loud sound from outside","Child got up and went to the window to look outside.","No consequence noted","no","Curiosity","None noted","Encouraged them to return to the activity.","What do you think made that noise?","Help them refocus on the task after a distraction.","classroom attention","low","medium","medium","train","yes","draft"
"530","v2","In a restaurant, the child heard music.","9-12","public-restaurant","Background music played","Child began to dance in their chair.","Child stopped after being reminded to sit still.","yes","Excitement","Joy","Politely reminded the child to stay seated while enjoying the music.","What songs do you like to dance to?","Encourage appropriate ways to express excitement in public.","classroom attention","moderate","medium","medium","train","yes","draft"
"531","v2","Child was asked to start homework after school.","9-12","home","Homework time began","Child laid down on the floor and sighed.","No consequence noted","no","Dislike for homework","None noted","Asked about what part of homework they find challenging.","What subject do you find the hardest?","Break homework into smaller, manageable parts.","classroom attention","low","medium","low","train","yes","draft"
"532","v2","At the park, the child was playing on the swings.","6-8","outdoor","Playtime","Child decided to jump off the swing.","Child landed safely but caregiver expressed concern about safety.","yes","Play behavior","Excitement","Reminded the child to be careful when jumping.","What do you think is a safe way to get off swings?","Discuss safe play practices regularly.","classroom attention","high","medium","high","train","yes","draft"
"533","v2","In a busy area, the child was with family.","9-12","public-transport","Crowded area","Child wandered away to look at a train.","Child was called back immediately and returned.","yes","Crowd dynamics","Curiosity","Cautiously explained the importance of staying close in crowds.","How can we stay together when it’s busy?","Teach safety rules in crowded places.","classroom attention","high","complex","high","train","yes","draft"
"534","v2","Child was attending a birthday party.","3-5","daycare","Party games","Child began to run around and bump into others.","No consequence noted","no","Excitement","None noted","Encouraged them to use walking feet.","How can we play safely with friends?","Set clear rules for safe play in groups.","classroom attention","low","easy","low","train","yes","draft"
"535","v2","In the classroom, a student shared a story.","6-8","school-classroom","Sharing time","Child interrupted and started talking loudly.","Child was reminded to wait their turn to share.","yes","Group activity","None noted","Gently reminded of sharing rules.","What do you like about sharing stories?","Encourage turn-taking during discussions.","classroom attention","moderate","medium","medium","train","yes","draft"
"536","v2","While getting ready for bed, a noise was heard outside.","3-5","home","Noise outside","Child hid under the covers and refused to come out.","Child emerged after the caregiver reassured them.","yes","Fear of the unknown","Fearful","Talked calmly to reassure the child.","What did the noise sound like to you?","Reassure and validate feelings of fear.","classroom attention","moderate","medium","high","validation","yes","draft"
"537","v2","At a family gathering, a toy was taken away.","6-8","relative-home","Someone took their toy","Child cried and shouted for the toy back.","Child calmed down after being offered a different toy to play with.","yes","Peer interaction","Frustration","Provided an alternative toy to ease their feelings.","How did that make you feel when your toy was taken?","Encourage sharing and understanding feelings with peers.","classroom attention","moderate","complex","medium","validation","yes","draft"
"538","v2","During art class, the child was asked to clean up.","9-12","school-classroom","End of art activity","Child started chatting with friends instead of helping.","No consequence noted","no","Peer interaction","None noted","Encouraged teamwork in cleaning up.","What could we do to make clean up easier?","Foster teamwork and cooperation during tasks.","classroom attention","low","medium","low","validation","yes","draft"
"539","v2","In a busy store, the child was tired.","3-5","public-store","Shopping trip","Child laid down on the floor and refused to move.","Child got up after being offered a snack.","yes","Fatigue","Frustration","Offered a snack as a distraction.","What snack do you want to pick?","Provide snacks during shopping to avoid fatigue.","classroom attention","moderate","medium","medium","validation","yes","draft"
"540","v2","Child was playing with friends at the park.","6-8","school-playground","Playing tag","Child pushed another child during the game.","Child was reminded about using gentle hands.","yes","Physical play","Excitement","Reinforced the need for gentle play.","How can we play tag safely?","Teach gentle play and respect for others.","classroom attention","moderate","medium","medium","validation","yes","draft"
"541","v2","While waiting for the bus, the child was excited.","9-12","public-transport","Waiting for transport","Child tried to run into the street.","Child was immediately pulled back to safety.","yes","High energy","Excitement","Explained the importance of staying on the sidewalk.","What does it mean to be safe near the road?","Discuss road safety before trips.","classroom attention","high","complex","high","test","yes","draft"
"542","v2","Child was playing a video game.","9-12","home","Video game time","Child yelled loudly at the screen during play.","No consequence noted","no","Competitive spirit","None noted","Encouraged quieter play during evening hours.","What other games do you enjoy?","Help manage volume and excitement during games.","classroom attention","low","medium","low","test","yes","draft"
"543","v2","During circle time, the child was easily distracted by a toy on the floor, repeatedly looking at it instead of the teacher.","6-8","school-classroom","The teacher began reading a story.","Child kept turning around to look at the toy instead of listening to the story.","No consequence noted","no","Attention to a distracting object","Neutral","Caregiver encouraged the child to focus on the story.","What strategies do you think would help keep their attention?","Setting a clear focus point for activities can help maintain attention.","classroom attention","low","easy","low","train","yes","draft"
"544","v2","While playing at the playground, the child wandered away from the swings toward the slides without telling anyone.","9-12","school-playground","The child was playing with friends at the swings.","Child started walking towards a different play structure on their own.","No consequence noted","no","Desire for independent play","Excitement","Caregiver called the child back and reminded them to stay close.","How can we encourage safer play while still allowing independence?","Discussing boundaries and safe play areas can encourage safety awareness.","classroom attention","moderate","medium","medium","train","yes","draft"
"545","v2","At the dinner table, the child was supposed to eat but kept making funny faces at their sibling instead.","6-8","home","Dinner was served.","Child kept making faces and laughing instead of eating.","Child took a few bites after being reminded to eat.","yes","Siblings being silly","Happy","Caregiver gently reminded the child to focus on their meal.","What ideas do you have for making mealtime more engaging?","Making mealtime fun can encourage better eating habits.","classroom attention","low","medium","low","train","yes","draft"
"546","v2","While out shopping, the child suddenly stopped and refused to move when asked to leave the toy aisle.","9-12","public-store","The child was excited about toys in the aisle.","Child sat down on the floor and said they wouldn't leave the aisle.","Parent had to carry the child out of the aisle after a few minutes.","yes","Excitement over toys","Frustration","Caregiver explained they needed to finish shopping and promised to return.","What strategies can we use to help with transitions in stores?","Preparing the child beforehand about what to expect can ease transitions.","classroom attention","high","complex","medium","validation","yes","draft"
"547","v2","At a family gathering, the child climbed onto a high shelf to reach a toy, making the caregiver very nervous.","3-5","relative-home","The child saw a toy on a high shelf.","Child climbed up to reach the toy, nearly losing balance.","Caregiver quickly helped the child down and moved the toy out of reach.","yes","Curiosity about the toy","Concern","Caregiver emphasized the importance of staying safe and not climbing.","How can we childproof areas where toys are out of reach?","Creating a safe environment can prevent risky climbing behavior.","classroom attention","high","complex","high","test","yes","draft"
"573","v2","After playtime, the child ignored requests to help clean up the toys.","3-5","home","Playtime ended","Child sat quietly while others cleaned up.","No consequence noted","no","Toys were everywhere","Indifferent","Caregiver reminded the child of the importance of teamwork.","How can we make cleanup more fun?","Provide engaging cleanup tools like bins with fun designs.","cleanup difficulty","low","easy","low","train","yes","draft"
"574","v2","In the classroom, the child was asked to help organize the books.","6-8","school-classroom","Teacher announced cleanup time","Child placed a few books in the wrong section on the shelf.","No consequence noted","no","An overwhelming number of books","Curious","Teacher provided guidance on the correct sections.","What strategies can help with organizing tasks?","Use color-coded labels for easier sorting.","cleanup difficulty","low","medium","medium","train","yes","draft"
"575","v2","During group play, the child started to throw toys instead of picking them up.","6-8","school-playground","Transition from play to cleanup","Child tossed a toy over the fence.","Child was asked to retrieve the toy, causing a minor delay.","yes","Frustration with cleanup","Frustrated","Caregiver redirected the child to a different toy.","What alternatives can be offered when frustration arises?","Introduce calming techniques as part of cleanup.","cleanup difficulty","moderate","medium","medium","train","yes","draft"
"576","v2","At the park, the child refused to leave after playtime.","9-12","outdoor","Announced it was time to go","Child ran away from the caregiver towards the swings.","Caregiver had to chase and physically guide the child back.","yes","Desire to keep playing","Anxious","Caregiver offered to return later for more playtime.","How can we create smoother transitions from play?","Set clear playtime limits beforehand.","cleanup difficulty","moderate","complex","low","train","yes","draft"
"577","v2","In a restaurant, the child knocked over a drink during cleanup.","6-8","public-restaurant","Dinner was finished","Child accidentally bumped the table while cleaning up.","Child helped clean the spill and apologized to the server.","yes","Busy environment","Embarrassed","Caregiver reassured the child that accidents happen.","What can we do to stay calm during accidents?","Practice cleanup routines at home.","cleanup difficulty","low","medium","medium","train","yes","draft"
"578","v2","While at a relative's home, the child avoided cleanup tasks when asked.","3-5","relative-home","Cleanup was suggested after snacks","Child hid behind the couch and giggled.","No consequence noted","no","Feeling playful","Playful","Caregiver encouraged the child to help by making it a game.","How can we encourage cooperation during cleanup?","Use timers to create a fun challenge.","cleanup difficulty","low","easy","low","train","yes","draft"
"579","v2","At the daycare, the child struggled to pick up blocks after play.","3-5","daycare","Playtime ended","Child picked up one block and left the rest.","No consequence noted","no","Overwhelmed by the number of blocks","Slightly frustrated","Caregiver offered to help sort the blocks together.","What support can we provide during cleanup time?","Make cleanup a collaborative effort with peers.","cleanup difficulty","low","easy","high","train","yes","draft"
"580","v2","During a group activity, the child became distracted and walked away.","9-12","school-classroom","Group project was wrapping up","Child wandered to the door instead of cleaning up.","Caregiver gently brought the child back to the group.","yes","Lack of interest in the task","Disengaged","Caregiver made the cleanup seem more appealing by involving music.","What can we do to keep children engaged in cleanup?","Incorporate music or games into cleanup.","cleanup difficulty","moderate","medium","low","train","yes","draft"
"581","v2","At a store, the child refused to leave the toy aisle when asked.","6-8","public-store","Shopping trip concluded","Child stood still and insisted on staying.","Caregiver had to negotiate and set a timer for a quick look.","yes","Desire for more playtime with toys","Determined","Caregiver promised to return for a special toy next time.","How do we handle strong feelings about leaving?","Offer choices during transitions to empower the child.","cleanup difficulty","moderate","medium","high","train","yes","draft"
"582","v2","In a public transport setting, the child left their seat during cleanup.","9-12","public-transport","Travel time was over","Child jumped up and started walking around the bus.","Caregiver reminded the child to stay seated until everyone was ready.","yes","Excitement about the destination","Eager","Caregiver discussed the importance of safety while on the bus.","How can we reinforce safety rules in public places?","Role-play the importance of staying in place during travel.","cleanup difficulty","high","complex","high","validation","yes","draft"
"583","v2","At home, the child easily picked up toys without being asked.","3-5","home","Said it was time to play a game","Child quickly gathered the toys and stacked them neatly.","No consequence noted","no","Anticipation for the game","Happy","Caregiver praised the child for their initiative.","What motivates your child to help with cleanup?","Use positive reinforcement to encourage helpful behavior.","cleanup difficulty","low","easy","low","train","yes","draft"
"584","v2","In the playground, the child knocked over a pile of leaves instead of cleaning.","6-8","school-playground","Cleanup time was announced after play","Child had fun kicking the leaves instead of picking them up.","Child laughed and continued playing in the leaves instead.","yes","Engagement in play","Joyful","Caregiver suggested a leaf cleanup game to make it more enjoyable.","What playful cleanup methods can we use?","Turn cleanup into a fun game or competition.","cleanup difficulty","medium","medium","medium","train","yes","draft"
"585","v2","During a family gathering, the child was hesitant to help with cleanup.","9-12","other-public","Post-meal cleanup began","Child sat quietly while others worked around them.","No consequence noted","no","Feeling shy","Shy","Caregiver encouraged the child to join in and offered praise.","What can we do to encourage participation in group activities?","Create a sense of belonging by involving the child in discussions.","cleanup difficulty","low","medium","low","train","yes","draft"
"586","v2","In a daycare setting, the child became upset when asked to clean.","3-5","daycare","Cleanup was announced after fun activities","Child sat on the floor and started to cry.","Caregiver offered a hug and distractions to bring the child back.","yes","Transitioning from fun to cleanup","Upset","Caregiver suggested counting to ten to help calm down.","What calming techniques work best for your child?","Practice deep breathing together.","cleanup difficulty","high","complex","medium","validation","yes","draft"
"587","v2","At a playground, the child was reluctant to leave the slides during cleanup.","6-8","school-playground","Cleanup time was called after play","Child clung to the slide and refused to get off.","Caregiver gently encouraged the child to join the group for cleanup.","yes","Fun playing on the slide","Reluctant","Caregiver reminded the child of the fun they had and offered a treat.","What can we do to ease transitions from play to cleanup?","Use positive rewards for completing tasks.","cleanup difficulty","moderate","medium","high","test","yes","draft"
"588","v2","In a public restaurant, the child started to play with utensils instead of cleaning up.","6-8","public-restaurant","Meal was done and cleanup started","Child played with the fork and spoon instead of helping.","No consequence noted","no","Boredom with the task","Bored","Caregiver redirected the child's focus to the table.","How can we make cleanup more interesting in public?","Introduce a fun cleanup song to sing together.","cleanup difficulty","low","easy","medium","test","yes","draft"
"589","v2","At a family gathering, the child climbed on a chair to avoid cleanup.","9-12","relative-home","Transition to cleaning after the meal","Child climbed on a chair and started to look around the room.","Caregiver reminded the child it was time to help clean up.","yes","Desire to avoid cleanup","Curious","Caregiver guided the child back to the task and offered help.","How can we encourage cooperative cleanup?","Involve the child in planning the cleanup process.","cleanup difficulty","high","complex","medium","test","yes","draft"
"590","v2","During a daycare session, the child willingly helped to put toys away.","3-5","daycare","Day ended and it was time to clean","Child started putting toys in the box without being asked.","No consequence noted","no","Eager to go home","Excited","Caregiver praised the child for helping.","What positive feedback can we provide to encourage good behavior?","Use a sticker chart for every cleanup success.","cleanup difficulty","low","easy","low","test","yes","draft"
"591","v2","At home, the child expressed frustration while cleaning up blocks.","6-8","home","Cleanup was suggested after playtime","Child pushed blocks away and crossed arms.","Caregiver offered to help sort the blocks and suggested a game.","yes","Feeling overwhelmed","Frustrated","Caregiver encouraged the child to talk about their feelings.","What words can we use to express frustration?","Teach the child phrases to express their feelings.","cleanup difficulty","moderate","medium","medium","test","yes","draft"
"592","v2","In a public store, the child ran off to explore instead of helping to tidy up.","9-12","public-store","Cleanup was requested while shopping","Child wandered down the aisle looking at toys.","Caregiver had to call out and bring the child back to the cart.","yes","Curiosity about the surroundings","Excited","Caregiver calmly reminded the child of the importance of staying together.","What strategies can help manage curiosity in public?","Use a buddy system for safety.","cleanup difficulty","high","complex","high","test","yes","draft"
"593","v2","After being asked to tidy up toys, the child started throwing them instead.","3-5","home","Request to clean up toys","Child threw toys across the room.","Child picked up a few toys after being asked again.","yes","Frustration with the task","Frustration with cleaning","Caregiver offered to help with the cleanup.","What can we do to make cleaning up more fun?","Turn cleanup into a game with a timer or music.","cleanup difficulty","low","medium","medium","train","yes","draft"
"594","v2","During a cleanup activity in class, the child began hiding under the table.","6-8","school-classroom","Transition to cleanup time","Child crawled under the table and refused to come out.","Child eventually joined the group after encouragement from the teacher.","yes","Desire to avoid cleanup","Nervous about changing activities","Teacher used a gentle tone to coax them out.","How can we make transitions smoother?","Use visual timers to signal activity changes.","cleanup difficulty","moderate","medium","medium","train","yes","draft"
"595","v2","While at the park, the child started running away from the caregiver during cleanup.","9-12","outdoor","Time to leave the park","Child ran towards the playground instead of helping clean up.","Caregiver had to chase the child to ensure they returned safely.","yes","Excitement about playing","Excited and playful","Caregiver calmly explained the importance of cleanup before playtime.","What can we do to improve communication about cleanup times?","Set clear expectations for when playtime ends.","cleanup difficulty","high","complex","high","test","yes","draft"
"596","v2","At the daycare, the child refused to put away crayons after drawing.","6-8","daycare","End of art session","Child pushed crayons away and ignored the request.","Child eventually put the crayons in the box after a peer helped.","yes","Bored with the activity","Disinterest in cleaning up","Caregiver encouraged teamwork by having a peer assist.","How can we encourage cooperation during cleanup?","Encourage children to work together during cleanup.","cleanup difficulty","low","easy","low","train","yes","draft"
"597","v2","In a busy store, the child knocked over a stack of cans while trying to grab a snack.","9-12","public-store","Walking past snacks","Child reached for snacks and accidentally knocked cans down.","Child helped pick up the cans after a store worker approached.","yes","Attraction to snacks","Excited to see favorite snacks","Caregiver reminded them to be careful while reaching.","What strategies can we use to ensure safety in crowded areas?","Practice safe behaviors in busy places before going out.","cleanup difficulty","moderate","medium","medium","validation","yes","draft"
"473","v2","Child wanted to explain a game but struggled to find the right words.","3-5","home","Child asked to play a game.","Child became frustrated and started to stomp their feet.","Child took a deep breath and tried again with simpler words.","yes","Difficulty in expressing thoughts.","Frustrated but determined.","Caregiver encouraged them to take their time.","What else could you say to explain it better?","Practice using simple words to express thoughts.","communication frustration","low","easy","low","train","yes","draft"
"474","v2","Child noticed a toy they wanted but couldn't reach it on a high shelf.","6-8","public-store","Child saw a toy at the store.","Child began to shout for help but no one heard.","Child found a nearby adult who helped them get the toy.","yes","Desire for the toy and inability to reach it.","Excited but impatient.","Caregiver reminded them to ask politely.","How can you ask someone for help?","Role-play asking for help in different situations.","communication frustration","low","medium","medium","train","yes","draft"
"475","v2","Child wanted to talk about their favorite show during dinner.","6-8","home","Family was having a meal together.","Child interrupted everyone and spoke loudly about the show.","Child listened when the caregiver reminded them to wait their turn.","yes","Excitement about the topic.","Eager but not waiting for their turn.","Caregiver suggested taking turns sharing stories.","What other things do you want to share later?","Encourage taking turns in conversations.","communication frustration","low","medium","low","train","yes","draft"
"476","v2","Child was asked to clean up toys but didn't understand where to start.","9-12","other-public","Child was playing with friends.","Child sat down and began to cry out of frustration.","Child's friend helped explain where to put the toys.","yes","Confusion about the task at hand.","Overwhelmed.","Caregiver stepped in to give clear directions.","What part feels confusing right now?","Break down tasks into smaller steps for clarity.","communication frustration","moderate","medium","medium","train","yes","draft"
"477","v2","Child wanted to tell a story but kept getting distracted.","6-8","school-classroom","Class was about to start story time.","Child stuttered and lost track of their thoughts.","Child smiled and decided to share a shorter story instead.","yes","Distractions from classmates.","Excited but unfocused.","Caregiver suggested practicing at home.","What is the main idea of your story?","Encourage storytelling practice in calm settings.","communication frustration","low","medium","medium","train","yes","draft"
"478","v2","Child was playing outside but didn't want to come in when called.","9-12","outdoor","It was getting dark outside.","Child yelled back that they wanted to stay longer.","Child eventually agreed to come in after seeing it was dark.","yes","Desire to play more.","Defiant but playful.","Caregiver offered a special treat for coming inside.","What fun thing can we do when we get inside?","Use transitional objects to ease the change.","communication frustration","moderate","complex","medium","train","yes","draft"
"479","v2","Child wanted to show their art but was shy about it.","3-5","daycare","Friend asked to see the art.","Child hid the art behind their back and looked down.","Child felt encouraged after the teacher asked to see it.","yes","Shyness in sharing their work.","Nervous but wanting approval.","Caregiver praised their art when shown.","How can you feel more comfortable sharing?","Create a safe space for sharing talents.","communication frustration","low","easy","low","train","yes","draft"
"480","v2","Child was frustrated when a toy didn't work as expected.","6-8","home","Child was playing with a new toy.","Child threw the toy on the floor in anger.","Child picked it up and asked for help to fix it.","yes","Toy malfunctioning.","Frustrated but willing to try again.","Caregiver suggested looking at the instructions together.","What did you like about the toy?","Teach problem-solving skills when things don’t work.","communication frustration","moderate","medium","medium","train","yes","draft"
"481","v2","Child wanted to join a game but wasn't sure how to ask.","9-12","school-playground","Group of friends was playing a game.","Child stood watching and looked upset.","Child approached the group and asked if they could play.","yes","Uncertainty about joining in.","Anxious but hopeful.","Caregiver reminded them it's okay to ask to join.","How can you join a group of friends next time?","Encourage proactive social interactions.","communication frustration","low","medium","low","train","yes","draft"
"482","v2","Child had difficulty explaining a drawing to a relative.","3-5","relative-home","Relative asked about the drawing.","Child pointed to the drawing but couldn't describe it well.","Child started using gestures and words to explain.","yes","Desire to share their creation.","Frustrated but motivated to communicate.","Caregiver suggested using simple sentences.","What do you want to say about your drawing?","Encourage use of descriptive language for sharing.","communication frustration","low","easy","medium","validation","yes","draft"
"483","v2","Child wanted to express feelings about a bad day at school.","9-12","school-classroom","Group activity was happening.","Child blurted out their feelings but wasn't clear.","Child calmed down after writing their thoughts in a notebook.","yes","Frustration with school events.","Overwhelmed but relieved after writing.","Caregiver suggested journaling as a way to express feelings.","What do you think helped you feel better?","Encourage written expression of feelings.","communication frustration","moderate","medium","medium","validation","yes","draft"
"484","v2","Child wanted to explain a new game to friends.","6-8","school-playground","Friends gathered to play.","Child mixed up the rules and started to cry.","Child took a break to regroup and then tried again.","yes","Pressure to explain properly.","Nervous but focused on trying again.","Caregiver reminded them that it's okay to make mistakes.","How can you make it clearer next time?","Practice explaining rules in simple terms.","communication frustration","moderate","medium","medium","validation","yes","draft"
"485","v2","Child was upset about not winning a game.","9-12","public-restaurant","Family played a game at the table.","Child shouted out that it was unfair.","Child took a deep breath and asked how to handle losing.","yes","Disappointment in the game outcome.","Frustrated but learning to cope.","Caregiver praised their ability to ask questions.","What do you think is a fair way to play?","Discuss sportsmanship and fair play.","communication frustration","low","medium","high","test","yes","draft"
"486","v2","Child was asked to share a toy but didn't understand why.","3-5","daycare","Friends wanted to play together.","Child clutched the toy tightly and frowned.","Child slowly handed over the toy when encouraged.","yes","Confusion about sharing.","Possessive but willing to try sharing.","Caregiver acknowledged their feelings and explained sharing.","How can you ask to play with someone else’s toy?","Discuss the importance of sharing with friends.","communication frustration","low","easy","low","test","yes","draft"
"487","v2","Child was hesitant to speak in front of a group.","9-12","school-classroom","Class was having a presentation.","Child mumbled and turned red when called on.","Child kept practicing at home and spoke up later.","yes","Nervousness about public speaking.","Anxious but determined to improve.","Caregiver encouraged practice at home.","What techniques help you feel more confident?","Encourage rehearsal before speaking in groups.","communication frustration","moderate","complex","test","","yes","draft"
"488","v2","Child refused to say what was wrong during a disagreement.","6-8","school-playground","Friend asked why they were upset.","Child crossed arms and walked away silently.","Child eventually opened up to a teacher for support.","yes","Feeling hurt but not knowing how to express it.","Frustrated but seeking help.","Caregiver suggested they talk to someone they trust.","Who can you talk to when you're upset?","Encourage open discussions about feelings.","communication frustration","moderate","medium","high","test","yes","draft"
"489","v2","Child would not come to dinner when called more than once.","9-12","home","Dinner was ready and time to eat.","Child kept playing and ignored the call.","Child came in when dessert was mentioned.","yes","Desire to continue playing.","Defiant but tempted by dessert.","Caregiver offered a treat for coming in promptly.","What can make you come in faster next time?","Use incentives to encourage transitions.","communication frustration","moderate","complex","high","test","yes","draft"
"490","v2","Child wanted to describe a favorite toy but stumbled over words.","6-8","relative-home","Relative asked about the toy.","Child hesitated and seemed frustrated trying to find the words.","Child took a moment and then shared a brief description successfully.","yes","Pressure to explain clearly.","Frustrated but eventually succeeded.","Caregiver praised their effort and encouraged them to try again.","What do you love most about that toy?","Practice using descriptive words in conversation.","communication frustration","low","medium","medium","test","yes","draft"
"491","v2","Child felt overwhelmed by noise in a busy area.","6-8","public-transport","Surrounded by people talking loudly.","Child pulled their hoodie over their head and stayed quiet.","Child moved closer to the caregiver for comfort.","no","Sensory overload from the environment.","Uncomfortable but seeking safety.","Caregiver offered to find a quieter place.","What can help you feel safe in these situations?","Create a plan for noisy environments.","communication frustration","moderate","complex","low","test","yes","draft"
"492","v2","Child pushed toys away when asked to share.","3-5","daycare","Friends asked to play with their toys.","Child shouted and knocked some toys over.","Child calmed down after a timeout and returned to play nicely.","yes","Feeling possessive over their toys.","Angry but later remorseful.","Caregiver reminded them about sharing after the timeout.","What can you do when you feel that way?","Discuss sharing and taking turns in play.","communication frustration","high","complex","high","test","yes","draft"
"493","v2","Child struggled to ask for help when they could not find their toy in the backyard.","3-5","outdoor","Child was playing outside and could not find their favorite toy.","Child began to shout loudly for help and started to cry.","Child's older sibling came over and helped them find the toy.","yes","Difficulty locating an object.","Frustration over not being able to express the need clearly.","The caregiver encouraged the child to use words and ask directly.","How can we practice asking for help together?","Encourage using words to express needs clearly.","communication frustration","low","easy","medium","train","yes","draft"
"494","v2","During a group activity at school, the child wanted to share their drawing but couldn't find the right words.","6-8","school-classroom","The teacher asked the children to present their artwork.","Child raised their hand but started to mumble and looked upset.","Child eventually sat down without sharing their drawing.","yes","Desire to participate but had difficulty expressing.","Feeling overwhelmed while trying to communicate with classmates.","The caregiver encouraged the child to practice talking about their drawings at home.","What can we do to help you feel more comfortable sharing your ideas?","Support practicing communication in comfortable settings.","communication frustration","moderate","medium","medium","train","yes","draft"
"495","v2","While shopping, the child wanted a toy but could not explain why they needed it.","6-8","public-store","The child saw a toy that caught their eye and wanted it.","Child started to tug on the caregiver's arm and point without speaking.","Child eventually calmed down after the caregiver redirected attention to another aisle.","yes","Desire for a toy that was not allowed.","Frustration about not being able to articulate their thoughts.","The caregiver suggested talking about what they liked about the toy instead.","What would you say about the toy that makes you want it?","Encourage expressing thoughts about wants and needs.","communication frustration","low","medium","low","train","yes","draft"
"496","v2","At the park, the child climbed to the top of a slide but wouldn't come down when asked.","9-12","school-playground","Caregiver asked the child to come down from the slide after a while.","Child locked their eyes on the ground but did not respond and remained seated at the top.","The caregiver had to go up to encourage the child to come down safely.","high","complex","high","Child's insistence on staying up high.","Concern about safety due to refusal to move.","The caregiver calmly assured the child it was safe to come down., How can we ensure climbing is fun but safe?, Discuss establishing safety boundaries for play.","communication frustration","high","complex","high","test","yes","draft"
"497","v2","While visiting relatives, the child became upset when their cousin wouldn’t let them play.","9-12","relative-home","Child wanted to join a game with their cousin and was told no.","Child shouted loudly and stomped their feet in frustration.","Child's cousin eventually invited them to play after seeing their emotion.","yes","Desire for social interaction not being met.","Frustration from feeling excluded from a game.","The caregiver encouraged the child to express their feelings and ask nicely.","What words can you use when you want to join a game?","Help practice sharing feelings and negotiating play.","communication frustration","moderate","medium","medium","validation","yes","draft"
"373","v2","Child became upset while trying to finish a math worksheet at the kitchen table.","6-8","home","Child was asked to start homework after dinner.","Child threw the pencil across the table in frustration.","No consequence noted","no","Math problems were too challenging.","Frustrated","Caregiver offered to help with one problem.","What specific part did they find difficult?","Encourage breaks during homework time.","homework frustration","low","medium","low","train","yes","draft"
"374","v2","Child struggled to focus on reading during class.","9-12","school-classroom","Teacher announced it was reading time.","Child kept looking around the room instead of reading.","No consequence noted","no","Bored with the material.","Distracted","Caregiver reminded the child about the importance of reading.","How can we make reading more engaging?","Use interactive reading strategies at home.","homework frustration","low","medium","medium","train","yes","draft"
"375","v2","Child resisted starting their homework after school.","6-8","home","Caregiver asked the child to sit down for homework time.","Child said they didn't want to do it and walked away.","Child went to play video games instead.","yes","Tired after school.","Irritated","Caregiver set a timer for a short break before starting.","What activities do they enjoy after school?","Create a homework schedule that includes breaks.","homework frustration","moderate","medium","low","train","yes","draft"
"376","v2","Child had difficulty completing a science project at a friend's house.","9-12","relative-home","Friends were also working on their projects.","Child started to cry and asked to go home.","Child calmed down and worked together with friends on their project.","yes","Overwhelmed by project expectations.","Anxious","Caregiver suggested working together on the project.","What specific part made them anxious?","Encourage collaborative projects with friends.","homework frustration","moderate","complex","medium","train","yes","draft"
"377","v2","Child watched TV instead of doing homework.","6-8","home","Caregiver turned off the TV to start homework.","Child yelled that it was unfair and stomped away.","No consequence noted","no","Desire to watch favorite show.","Upset","Caregiver explained the need to finish homework first.","What shows do they enjoy?","Establish a clear homework and screen time schedule.","homework frustration","low","medium","medium","train","yes","draft"
"378","v2","Child lost focus while doing homework at the dining table.","3-5","home","Caregiver asked the child to start their drawing assignment.","Child began doodling instead of working.","Child eventually picked up the crayons and continued drawing.","yes","Excited about drawing.","Happy","Caregiver encouraged the child to share their doodles.","What do they love to draw?","Incorporate art into homework tasks.","homework frustration","low","easy","low","train","yes","draft"
"379","v2","Child refused to write sentences during homework time.","9-12","home","Caregiver said it was time for homework after dinner.","Child crumpled the paper and threw it in the trash.","Child later retrieved the paper and started over quietly.","yes","Frustrated with writing.","Frustrated","Caregiver encouraged them to take a short break.","What part of writing is frustrating for them?","Practice writing in a fun context, like journaling.","homework frustration","moderate","medium","medium","train","yes","draft"
"380","v2","Child became angry when asked to do math homework.","6-8","home","Caregiver reminded the child about homework time.","Child slammed the book shut and crossed their arms.","No consequence noted","no","Not understanding the material.","Frustrated","Caregiver offered to explain the problems.","What methods help them understand math better?","Use games to improve math skills.","homework frustration","low","medium","medium","train","yes","draft"
"381","v2","Child was reluctant to start their homework in class.","9-12","school-classroom","Teacher announced it was time for assignments.","Child sat with their head down on the desk.","No consequence noted","no","Feeling tired after lunch.","Disinterested","Caregiver suggested a quick stretch before starting.","How can we keep their energy up during class?","Incorporate movement breaks into homework time.","homework frustration","low","medium","high","validation","yes","draft"
"382","v2","Child moved away from the homework area during study time.","3-5","daycare","Caregiver asked the child to finish their coloring assignment.","Child ran outside to play instead.","No consequence noted","no","Curiosity about outdoor play.","Playful","Caregiver called the child back to the table.","What do they enjoy about outdoor play?","Use outdoor time as a reward after homework.","homework frustration","low","easy","low","test","yes","draft"
"383","v2","Child struggled with a math problem at the playground.","6-8","school-playground","Friends were joking about math problems.","Child started crying because they felt embarrassed.","Child took a break on the swings before returning to the group.","yes","Social pressure from peers.","Embarrassed","Caregiver encouraged them to ask for help next time.","How can they feel more confident in math?","Practice math in social settings, like games.","homework frustration","moderate","medium","high","train","yes","draft"
"384","v2","Child became frustrated with a challenging homework assignment.","9-12","home","Caregiver reminded them about due dates.","Child threw the textbook on the floor.","Child picked it up and started over after a few minutes.","yes","Feeling overwhelmed with deadlines.","Frustrated","Caregiver offered to help break down the tasks.","What tools can help organize their homework?","Use planners to track assignments and deadlines.","homework frustration","moderate","complex","medium","train","yes","draft"
"385","v2","Child had a hard time staying focused on their homework.","6-8","home","Caregiver asked the child to take a break after 20 minutes.","Child kept looking outside and daydreaming.","No consequence noted","no","Distracted by outdoor activities.","Bored","Caregiver suggested moving to a quieter area.","What distractions are most challenging?","Create a dedicated study space free from distractions.","homework frustration","low","medium","low","test","yes","draft"
"386","v2","Child was reluctant to start their homework during a group study.","9-12","school-classroom","Group members were discussing their projects.","Child leaned back in their chair and sighed.","No consequence noted","no","Feeling unprepared compared to peers.","Anxious","Caregiver encouraged them to share their thoughts.","What topics do they feel confident discussing?","Foster a positive study group environment.","homework frustration","low","medium","medium","validation","yes","draft"
"387","v2","Child ran away from the group during a homework session.","6-8","school-classroom","Teacher announced free time after homework.","Child dashed out to the playground without asking.","Child came back when called by the teacher.","yes","Excited about playing.","Excited","Caregiver reminded them about the importance of staying with the group.","What activities do they enjoy during free time?","Set clear boundaries before playtime.","homework frustration","high","easy","medium","train","yes","draft"
"388","v2","Child complained about doing homework after school.","9-12","home","Caregiver suggested starting with reading.","Child rolled their eyes and crossed their arms.","Child eventually started reading quietly after 10 minutes.","yes","Not wanting to engage with the material.","Frustrated","Caregiver stayed nearby to help if needed.","What topics interest them most in reading?","Incorporate favorite topics into homework.","homework frustration","moderate","medium","low","test","yes","draft"
"389","v2","Child locked themselves in their room during homework time.","9-12","home","Caregiver asked the child to complete their assignments.","Child refused to come out and said they were busy.","Child finally opened the door after 30 minutes and started their homework.","yes","Desire for privacy while working.","Stressed","Caregiver remained calm and waited outside the door.","What conditions help them focus best?","Discuss the need for a quiet study environment.","homework frustration","high","complex","high","test","yes","draft"
"390","v2","Child had difficulty transitioning from playtime to homework.","3-5","daycare","Caregiver announced it was time to clean up.","Child started playing with toys instead of helping.","No consequence noted","no","Not wanting to stop play.","Playful","Caregiver gently guided them to the homework area.","What do they love most about playtime?","Use a timer to signal transitions between activities.","homework frustration","low","easy","low","test","yes","draft"
"391","v2","Child expressed frustration with writing homework.","6-8","home","Caregiver asked the child to start their writing assignment.","Child crumpled the paper and said it was too hard.","Child calmed down and began writing after a brief pause.","yes","Difficulties with handwriting.","Frustrated","Caregiver provided writing tools that were easier to use.","What part of writing do they find most challenging?","Experiment with different writing tools and formats.","homework frustration","moderate","medium","medium","validation","yes","draft"
"392","v2","Child left the homework area to play without permission.","6-8","home","Caregiver asked the child to sit down for homework.","Child went to the living room and turned on a game.","Child went back to the table when reminded about homework.","yes","Desire to play games instead of working.","Excited","Caregiver used a firm tone to remind them of the expectation.","What games do they enjoy?","Set clear expectations for playtime after homework.","homework frustration","moderate","medium","low","test","yes","draft"
"393","v2","Child was asked to start their math homework at the kitchen table.","6-8","home","Caregiver asked to begin homework.","Child slammed the notebook shut and crossed their arms.","No consequence noted","no","Change in routine","Frustration","Caregiver offered a break first.","What do you think would help get started?","Encourage breaks during work to reduce frustration.","homework frustration","low","medium","low","train","yes","draft"
"394","v2","Child was given a writing assignment in class.","9-12","school-classroom","Teacher handed out the assignment.","Child crumpled the paper and threw it on the floor.","Child later picked up the paper and began writing after a peer offered help.","yes","Difficulty level of task","Overwhelmed","Teacher provided reassurance and peer support.","How can I help you with writing assignments?","Encourage peer collaboration on challenging tasks.","homework frustration","moderate","complex","medium","train","yes","draft"
"395","v2","Child was asked to read quietly at the library.","6-8","other-public","Caregiver requested reading time.","Child began to loudly complain about the book choice.","No consequence noted","no","Limited selection of books","Boredom","Caregiver suggested picking a different book together.","What type of book are you interested in reading?","Offer choices to engage interest in reading activities.","homework frustration","low","medium","low","validation","yes","draft"
"396","v2","Child was starting homework in a study session.","9-12","home","Caregiver reminded about time to start.","Child stomped their foot and said they hated math.","Child calmed down after caregiver offered to help with one problem together.","yes","Feeling pressured by time","Anxiety","Caregiver provided encouragement and support.","What part of math do you find most difficult?","Break tasks into smaller, manageable pieces.","homework frustration","moderate","medium","test","","yes","draft"
"397","v2","Child was playing outside and refused to come in when asked to do homework.","3-5","outdoor","Caregiver called for the child to come inside.","Child ran further away and climbed on a high play structure.","Child eventually climbed down but refused to enter the house after several calls.","yes","Desire to continue play","Defiance","Caregiver calmly explained the need for homework before playtime.","How can we make homework more fun before playtime?","Create a reward system for completing tasks before play.","homework frustration","high","easy","high","test","yes","draft"
"423","v2","During dinner, child turned away from the food and said they don't like it.","3-5","home","Meal was served","Child pushed the plate away and started playing with a toy instead.","No consequence noted","no","Unfamiliar food","No clear emotion","Caregiver offered to prepare something else.","What other foods do they enjoy?","Consider involving the child in meal prep to increase interest.","mealtime refusal","low","easy","low","train","yes","draft"
"424","v2","At a family gathering, child refused to sit at the table for lunch.","6-8","relative-home","Everyone started eating","Child stood up and left the table to go play outside.","No consequence noted","no","Loud conversations","Happy and carefree","Caregiver encouraged them to join the family at the table.","How can I encourage them to stay at mealtime?","Try setting a timer for meals to give them a sense of structure.","mealtime refusal","low","medium","medium","train","yes","draft"
"425","v2","While at a restaurant, child pushed their plate away after a few bites.","9-12","public-restaurant","Food arrived","Child said they were not hungry anymore and started looking at a phone.","No consequence noted","no","Long wait for food","Restless","Caregiver suggested sharing a dessert instead.","What do they enjoy eating when we eat out?","Consider letting them choose a dish from the menu next time.","mealtime refusal","low","medium","low","train","yes","draft"
"426","v2","In the classroom, child refused to eat their snack during break.","6-8","school-classroom","Snack time","Child sat quietly, not touching their snack.","No consequence noted","no","Friends were playing","Calm but disengaged","Caregiver asked if they wanted to save it for later.","What do they like to eat during snack?","Explore different snack options with the child.","mealtime refusal","low","easy","medium","train","yes","draft"
"427","v2","While shopping, child refused to eat the snack offered in the store.","6-8","public-store","Grocery shopping","Child said they wanted candy instead.","Child chose a candy and refused the healthy snack.","yes","Seeing candy on the shelf","Excited about candy","Caregiver allowed them to pick one candy.","How can I improve their choices in stores?","Discuss healthy vs. fun snacks before going out.","mealtime refusal","moderate","medium","high","train","yes","draft"
"428","v2","At home, child covered their eyes during dinner and said they didn't want to eat.","3-5","home","Dinner was served","Child started to cry and refused to look at the food.","Caregiver gave them a hug and encouraged them to try a small bite.","yes","New food on the plate","Upset","Caregiver offered a familiar food option.","What familiar foods can I include?","Use favorite foods to introduce new flavors over time.","mealtime refusal","moderate","complex","high","train","yes","draft"
"429","v2","During a picnic, child became upset when they didn't like the sandwiches.","6-8","outdoor","Picnic began","Child threw the sandwich on the ground and said it was gross.","Child refused to eat anything else and wanted to go home.","yes","Sandwich was not their favorite","Frustrated","Caregiver offered to make a different sandwich.","What can I prepare that they will enjoy?","Involve them in selecting picnic foods beforehand.","mealtime refusal","moderate","medium","medium","train","yes","draft"
"430","v2","At daycare, child screamed when it was time for lunch.","3-5","daycare","Transition to lunch","Child pushed their chair back and stood up.","Child calmed down after being offered a choice of fruit or yogurt.","yes","Not wanting to stop playtime","Overwhelmed","Caregiver reminded them it was time to eat.","What can help with transitions?","Create a routine that includes play and meal times.","mealtime refusal","low","medium","high","train","yes","draft"
"431","v2","In the classroom, child refused to eat the lunch packed by their caregiver.","9-12","school-classroom","Lunchtime","Child traded their lunch with a friend.","Child was satisfied with the new lunch but didn't eat their original.","yes","Peer influence","Curious about other foods","Caregiver talked about healthy choices.","What are their favorite foods to pack?","Encourage them to help choose their lunch items.","mealtime refusal","moderate","medium","medium","validation","yes","draft"
"432","v2","While at the park, child ignored the lunch offered and kept playing.","6-8","school-playground","Lunch was ready to eat","Child ran further away from the blanket.","Caregiver called them back and reminded them to eat.","yes","Friends playing nearby","Excited","Caregiver brought food closer to them.","How can I remind them to eat without interrupting play?","Set a specific time for meals during play.","mealtime refusal","low","easy","low","validation","yes","draft"
"433","v2","At the restaurant, child refused to try any of the appetizers.","9-12","public-restaurant","Food was served to the table","Child said they only wanted fries.","Child ate only fries but ignored other options.","yes","Seeing others eat something different","Disinterested","Caregiver encouraged them to taste a little bit of everything.","What can I say to encourage trying new foods?","Talk about shared eating experiences to encourage trying.","mealtime refusal","moderate","medium","medium","validation","yes","draft"
"434","v2","During dinner, child threw their food on the floor when asked to eat.","3-5","home","Dinner time","Child yelled and kicked their feet under the table.","Child was sent to their room for a timeout.","yes","Dislike for the food","Angry","Caregiver explained the need to eat.","How can I manage meal-time behaviors?","Discuss feelings about certain foods in a calm moment.","mealtime refusal","high","complex","high","validation","yes","draft"
"435","v2","While shopping, child insisted they only wanted cookies instead of the healthy snack offered.","6-8","public-store","Grocery shopping","Child clung to the cart and refused to walk.","Child ended up with the cookies and skipped the snack.","yes","Seeing cookies on display","Determined","Caregiver negotiated for a cookie after eating other snacks.","What can help align their choices with healthy ones?","Discuss healthy snacks at home before shopping.","mealtime refusal","moderate","medium","medium","test","yes","draft"
"436","v2","At the playground, child refused to come back to the picnic area for lunch.","6-8","school-playground","Lunchtime approached","Child continued playing and ignored calls to come over.","Caregiver had to go retrieve them for lunch.","yes","Excited playtime","Happy but distracted","Caregiver reminded them that lunch was waiting.","How can we make lunchtime more appealing?","Incorporate games during the transition to lunch.","mealtime refusal","moderate","medium","high","test","yes","draft"
"437","v2","At home, child pushed their plate away and said they were done.","9-12","home","Dinner was served","Child crossed their arms and looked away.","Child sat quietly but did not eat anything else.","no consequence noted","no","Feeling full","Neutral","Caregiver asked if they wanted dessert instead.","What can I do if they claim to be done eating?, Have conversations about hunger levels during meals.","mealtime refusal","low","easy","low","test","yes","draft"
"438","v2","During a family outing, child walked away from the table and said they weren't hungry anymore.","9-12","public-restaurant","Food was served","Child got up and started exploring the restaurant.","Caregiver had to follow and bring them back to sit.","yes","Distraction from surroundings","Curious","Caregiver talked about finishing dinner first.","How can we balance exploring and eating?","Set clear expectations about mealtime behaviors before outings.","mealtime refusal","moderate","medium","high","test","yes","draft"
"439","v2","At a relative's house, child looked at their food and said it was yucky.","3-5","relative-home","Food was served","Child made a face and pushed the plate away.","No consequence noted","no","New food appearance","Unsure","Caregiver offered a taste test of the food.","What foods do they usually enjoy?","Use positive language about trying new things.","mealtime refusal","low","easy","low","test","yes","draft"
"440","v2","During lunch at school, child said they didn't want to eat their sandwich.","6-8","school-classroom","Lunch was served","Child took out a snack but didn't touch the sandwich.","Child later shared their snack with a friend.","yes","Not wanting to eat what was packed","Social","Caregiver talked about different lunch options.","What can I pack that they will enjoy?","Encourage them to help prepare lunch for the next day.","mealtime refusal","low","medium","medium","test","yes","draft"
"441","v2","At a public restaurant, child insisted on eating dessert first.","9-12","public-restaurant","Menu was presented","Child said they wouldn't eat anything else until dessert was served.","Caregiver allowed them to order dessert after the meal.","yes","Desire for sweets","Excited","Caregiver explained the order of meals.","How can we discuss meal structure?","Engage in positive discussions about meal routines.","mealtime refusal","low","medium","medium","test","yes","draft"
"442","v2","While waiting for lunch in a crowded restaurant, child began to wander away from the table.","9-12","public-restaurant","Lunch was delayed","Child moved towards the exit area.","Caregiver had to gently pull them back and remind them to stay at the table.","yes","Crowded space and noise","Slightly anxious","Caregiver reassured them about staying close.","How can I help them feel more secure in busy places?","Practice staying close during outings.","mealtime refusal","high","complex","high","test","yes","draft"
"443","v2","Child refused to eat the vegetables offered at dinner and pushed the plate away.","3-5","home","Dinner time approach","Child yelled, 'I don't want this!' and started crying.","Child calmed down after caregiver offered a different food, like fruit.","yes","Change in food texture","Frustration about meal options","Caregiver suggested a fun way to eat the veggies.","What foods does your child enjoy the most?","Engaging children in meal preparation can increase willingness to try new foods.","mealtime refusal","low","medium","low","train","yes","draft"
"444","v2","Child sat at the table but did not take a single bite of lunch despite repeated encouragement.","6-8","school-classroom","Lunchtime arrival","Child stared blankly at the food and pushed the tray away.","No consequence noted","no","Peer influence from friends","Disinterest in the food choice","Caregiver reminded the child about the importance of eating for energy.","What changes can help make lunch more appealing?","Encouraging children to choose their own lunch options can boost their interest.","mealtime refusal","moderate","medium","medium","train","yes","draft"
"445","v2","Child started to play with food during a family meal and ignored requests to eat.","9-12","public-restaurant","Food was served at the table","Child began stacking the fries into a tower and laughing.","Child eventually stopped and began eating when asked to choose his favorite item.","yes","Fun presentation of food","Excitement about eating out","Caregiver calmly set a timer for eating before playtime.","How can we make mealtime fun yet structured?","Setting clear expectations for mealtime behavior can help.","mealtime refusal","low","easy","low","validation","yes","draft"
"446","v2","Child refused to leave the playground to have dinner, stating they were not hungry.","6-8","school-playground","Transition from play to meal","Child started running away from the caregiver when called.","Caregiver had to follow and remind child about mealtime, leading to tears when caught.","high","Desire to continue play","Frustration with transitioning","Caregiver offered to play a short game before dinner as a compromise.","What strategies work best for transitioning your child from play to meals?","Using a fun transition activity can ease the shift from playtime to mealtime.","mealtime refusal","high","medium","medium","test","yes","draft"
"447","v2","Child became upset and refused to eat when they saw their least favorite food on the plate.","9-12","public-restaurant","Food delivery at the table","Child pushed the plate away and said, 'I won't eat that!' loudly.","No consequence noted","no","Sighting of disliked food","Displeasure about food choices","Caregiver suggested they try one bite before deciding.","What are some alternatives your child might be open to trying?","Offering choices can help children feel more in control during mealtimes.","mealtime refusal","moderate","medium","high","test","yes","draft"
"598","v2","Child had trouble staying focused while getting dressed in the morning.","3-5","home","Child was asked to get dressed for school.","Child was playing with toys instead of putting on clothes.","No consequence noted","no","Morning excitement","Playful","Gently reminded child to focus on getting dressed.","How can we make morning routines more fun?","Using a visual schedule for morning tasks can help.","morning routine","low","easy","low","train","yes","draft"
"599","v2","Child was hesitant to leave the house for school.","6-8","home","Child was reminded it was time to leave for school.","Child refused to put on shoes and kept asking for more time.","No consequence noted","no","Not wanting to leave favorite toys behind","Frustrated","Encouraged child to pick a favorite pair of shoes.","What activities can we do to ease transitions?","Offering choices can improve the transition experience.","morning routine","low","medium","medium","train","yes","draft"
"600","v2","Child was distracted by a new toy during breakfast.","6-8","home","Child was sitting at the table for breakfast.","Child kept reaching for the toy instead of eating.","Child eventually finished breakfast after being reminded to eat.","yes","New toy was introduced the night before","Excited","Prompted child to put the toy away until after breakfast.","How can we minimize distractions during meals?","Setting a designated playtime after meals might help.","morning routine","moderate","medium","low","train","yes","draft"
"601","v2","Child wanted to wear mismatched socks to school.","9-12","school-classroom","Child was looking for socks to wear.","Child insisted on wearing socks that didn't match.","No consequence noted","no","Desire for self-expression","amused","Acknowledged child's choice and let them wear the socks.","How can we support their independence in dressing?","Discussing personal style might encourage self-expression appropriately.","morning routine","low","easy","low","train","yes","draft"
"602","v2","Child took longer than expected to finish brushing teeth.","3-5","home","Child was reminded it was time to brush teeth.","Child brushed teeth slowly while playing with the toothbrush.","Child eventually finished but we were late leaving for school.","yes","Feeling playful","Amused","Set a timer for brushing teeth next time.","What strategies can help make hygiene routines quicker?","Using a fun timer can enhance focus and efficiency.","morning routine","moderate","medium","medium","train","yes","draft"
"603","v2","Child got upset when asked to clean up toys before breakfast.","6-8","home","Child was playing with toys in the living room.","Child shouted and knocked over a stack of blocks in frustration.","Child calmed down after caregiver helped clean up.","yes","Transition from play to breakfast","Frustrated","Helped child clean up and offered a choice of breakfast.","What activities can help ease transitions?","Offering a fun clean-up song can help.","morning routine","moderate","medium","medium","train","yes","draft"
"604","v2","Child started running around the house instead of getting ready.","9-12","home","Child was asked to start getting ready for school.","Child decided to chase the family dog instead of dressing.","Child finally got dressed after a few minutes of play.","yes","Excitement about the day ahead","Amused","Redirected child to get ready with a game plan.","What fun routines can we implement to keep them focused?","Incorporating a game into routines could improve engagement.","morning routine","moderate","complex","high","train","yes","draft"
"605","v2","Child refused to put on a jacket when it was cold outside.","6-8","outdoor","Child was reminded to dress warmly.","Child insisted they were not cold and wanted to go outside without a jacket.","Child eventually agreed to wear a jacket after feeling the cold air.","yes","Cool weather was unexpected","Defiant","Compromised by letting child wear a light jacket.","How can we prepare for unexpected weather changes?","Discussing the weather the night before can help prepare them.","morning routine","moderate","medium","high","train","yes","draft"
"606","v2","Child attempted to climb a tree without supervision.","9-12","outdoor","Child was playing outside while caregiver prepared breakfast.","Child began to climb a tree that was too high.","Child was called down safely after being reminded of safety rules.","yes","Desire for adventure","Worried","Discussed safety and set clear boundaries about climbing.","What conversations about safety can we have?","Role-playing safety discussions can be helpful.","morning routine","high","complex","high","train","yes","draft"
"607","v2","Child was playing with their food at breakfast.","3-5","home","Child was served pancakes for breakfast.","Child started making shapes with the food instead of eating.","No consequence noted","no","Curiosity about food","Amused","Encouraged child to make a pancake face before eating.","How can we make mealtime fun?","Creating engaging meal presentations can improve eating behavior.","morning routine","low","easy","low","train","yes","draft"
"608","v2","Child was reluctant to leave the house without a special toy.","6-8","home","Child was asked to get ready for school.","Child insisted on bringing a large toy that wouldn’t fit in their bag.","No consequence noted","no","Attachment to toy","Patient","Suggested taking a smaller toy for comfort instead.","What can we do to ease the attachment to certain toys?","Using a special bag for toys can help manage expectations.","morning routine","low","medium","medium","train","yes","draft"
"609","v2","Child was overly excited and couldn’t sit still during breakfast.","3-5","home","Child was given a favorite breakfast.","Child bounced in their chair and spoke non-stop about the day.","No consequence noted","no","Looking forward to school","Excited","Gently reminded child to sit still while eating.","How can we channel their excitement?","Incorporating calm-down activities before meals could help.","morning routine","low","easy","low","train","yes","draft"
"610","v2","Child struggled to keep shoes on when leaving the house.","9-12","public-store","Child was in a hurry to get to the store.","Child kept taking off shoes and trying to run ahead.","No consequence noted","no","Excitement about the outing","Frustrated","Encouraged child to keep shoes on and walk with me.","What strategies can help with keeping shoes on?","Choosing shoes that fit well can help.","morning routine","low","medium","medium","validation","yes","draft"
"611","v2","Child tried to stay home instead of going to school.","6-8","home","Child was reminded it was a school day.","Child cried and said they didn't want to go.","Child calmed down after discussing fun things to do at school.","yes","Desire for more playtime","Anxious","Offered a deal to do a fun activity after school.","How can we help with morning motivation?","Planning a reward for school days can provide motivation.","morning routine","moderate","medium","medium","validation","yes","draft"
"612","v2","Child locked themselves in their room during morning routine.","9-12","home","Child was asked to start getting ready.","Child locked the door and refused to come out.","Child finally unlocked the door and came out after a few minutes.","yes","Desire for control","Worried","Discussed feelings about morning routines after.","What can we do to improve our morning communication?","Creating a visual checklist can provide clarity.","morning routine","high","complex","high","validation","yes","draft"
"613","v2","Child insisted on wearing pajamas outside.","3-5","other-public","Child was getting ready to go outside.","Child argued about wearing outside clothes and wanted to stay in pajamas.","Child changed into appropriate clothes after a reminder.","yes","Preference for comfort","Stubborn","Gently encouraged the importance of dressing for the weather.","How can we encourage proper dressing?","Using fun clothing themes can help make choices easier.","morning routine","moderate","medium","medium","test","yes","draft"
"614","v2","Child was distracted by a show while getting dressed.","6-8","home","Child was given a time warning to dress for school.","Child kept asking for one more minute of the show instead of getting ready.","Child eventually turned off the show and got dressed.","yes","Enjoyment of the show","Frustrated","Set a timer for the end of the show next time.","How can we keep them on track during morning routines?","Incorporating favorite shows as rewards for finishing tasks can help.","morning routine","moderate","medium","medium","test","yes","draft"
"615","v2","Child refused to eat breakfast because it was a new food.","3-5","home","Child was offered a different kind of cereal.","Child pushed the bowl away and said they didn't want it.","Child eventually tried a spoonful after caregiver tasted it first.","yes","New food introduction","Curious","Modelled trying the food and encouraged them to taste.","What can we do about trying new foods?","Involving them in meal prep can increase willingness to try new foods.","morning routine","moderate","medium","medium","test","yes","draft"
"616","v2","Child had difficulty finding their backpack on the way to school.","9-12","school-classroom","Child was asked to get their things ready.","Child searched through several bags and got frustrated.","Child eventually found the backpack after looking with caregiver's help.","yes","Disorganization","Frustrated","Helped organize their things the night before.","What strategies can we implement for better organization?","Creating designated spots for school items can reduce chaos.","morning routine","moderate","medium","medium","test","yes","draft"
"617","v2","Child became upset when told they needed to wear a hat.","6-8","public-transport","Child was reminded to dress warmly for the weather.","Child argued and threw the hat on the ground.","Child picked the hat back up and put it on after talking about the cold.","yes","Cold weather","Concerned","Discussed the importance of staying warm.","How can we encourage compliance with clothing choices?","Using fun, colorful hats could entice them to wear them.","morning routine","moderate","medium","medium","test","yes","draft"
"618","v2","Child was asked to get dressed but took a long time looking for clothes.","3-5","home","Child was waking up and needed to change into clothes.","Child started playing with toys instead of getting dressed.","No consequence noted","no","Unfamiliar clothing layout","Focused on toys","Caregiver gently reminded to keep looking for clothes.","What clothes do you want to wear today?","Set a timer for getting dressed to encourage quicker action.","morning routine","low","easy","low","train","yes","draft"
"619","v2","Child was playing outside and was told it was time to come in for breakfast.","6-8","outdoor","Child was having fun playing with friends.","Child refused to come inside and continued to play.","Child finally came in after caregiver had to go outside and call them several times.","yes","Desire to keep playing","Happy but distracted","Caregiver went outside to help transition.","How can we make coming inside easier next time?","Establish a fun routine for coming inside.","morning routine","moderate","medium","medium","train","yes","draft"
"620","v2","Child was waiting to brush teeth but got distracted by a toy.","6-8","home","Child was asked to prepare for bed.","Child kept ignoring the request and continued to play with the toy.","Child finally put the toy down and walked to the bathroom after a few reminders.","yes","Interest in the toy","Engaged and distracted","Caregiver provided a countdown to brushing teeth.","What can we do to make brushing teeth more fun?","Create a visual schedule for bedtime activities.","morning routine","low","medium","low","validation","yes","draft"
"621","v2","Child was playing outside and climbed onto a fence.","9-12","outdoor","Child was feeling adventurous during playtime.","Child climbed higher on the fence than allowed.","Caregiver quickly went over and helped the child down safely.","yes","Need for excitement","Excited and brave","Caregiver explained the dangers and helped them down.","What are some safe ways to have fun outside?","Teach the child about safe climbing practices.","morning routine","high","complex","medium","test","yes","draft"
"622","v2","Child was at a store but ran off from the shopping cart.","9-12","public-store","Child was bored during shopping.","Child left the shopping cart to explore the store by themselves.","Caregiver found the child in another aisle after calling their name.","yes","Boredom in a long wait","Curious and adventurous","Caregiver discussed staying close in busy places.","How can we make shopping more engaging for you?","Plan engaging activities for store visits.","morning routine","moderate","complex","high","test","yes","draft"
"623","v2","Child became overwhelmed by the loud music in the store and covered their ears.","3-5","public-store","Walking into the store with loud music playing.","Child covered their ears and started to sway.","No consequence noted","no","Loud noises","Uncomfortable","Offered to leave the store for a quieter place.","How does the noise make you feel?","Provide a quiet space when overstimulated.","public place overload","low","easy","low","train","yes","draft"
"624","v2","Child insisted on buying a toy while shopping and started to cry when told no.","6-8","public-store","Seeing a toy aisle while shopping with a caregiver.","Child cried loudly and fell to the floor.","Child calmed down after caregiver offered two choices and picked a snack instead.","yes","Seeing the toy","Frustrated","Acknowledged their feelings and offered alternatives.","What else could we find that you would like?","Use distraction techniques when shopping.","public place overload","moderate","medium","medium","train","yes","draft"
"625","v2","Child wanted to run ahead in a crowded park and pulled away from the caregiver's hand.","9-12","outdoor","Walking through a busy park on a sunny day.","Child broke free and ran towards the playground.","Child stopped when called back and waited to cross the path.","yes","Excitement","Excited but unsafe","Reinforced the importance of staying close while walking.","How can we stay safe while having fun?","Discuss safety rules before outings.","public place overload","high","complex","medium","train","yes","draft"
"626","v2","Child walked slowly away from the caregiver at the restaurant.","6-8","public-restaurant","Arriving at the restaurant and looking at the menu.","Child wandered towards the dessert display.","No consequence noted","no","Curiosity about dessert","Interested","Called the child back to the table and discussed menu choices.","What do you want to try here?","Encourage discussion about choices in new places.","public place overload","low","medium","low","train","yes","draft"
"627","v2","Child started to shout when they couldn't see the ice cream truck in the park.","3-5","outdoor","Hearing the ice cream truck's music.","Child shouted for ice cream and ran in circles.","No consequence noted","no","Sound of the music","Excited","Offered to find the truck together.","What flavor do you hope to get?","Practice waiting and taking turns while excited.","public place overload","low","easy","medium","train","yes","draft"
"628","v2","Child pushed past others to get to the front of the line at the amusement park.","9-12","other-public","Waiting in line for a ride.","Child pushed forward and shouted for attention.","Child stopped when reminded to wait their turn.","yes","Long wait","Impatient","Reminded the child about being respectful in lines.","How can we make waiting more fun?","Discuss the importance of patience in public spaces.","public place overload","moderate","medium","medium","train","yes","draft"
"629","v2","Child yelled when they spotted a friend across the crowded playground.","6-8","school-playground","Seeing a friend play a game.","Child ran towards the friend while yelling their name.","Child reached their friend and joined the game happily.","yes","Seeing a friend","Joyful","Encouraged them to greet their friend kindly.","What fun game do you want to play?","Celebrate social interactions in public.","public place overload","low","medium","low","train","yes","draft"
"630","v2","Child threw a toy in frustration while playing with others outside.","6-8","outdoor","Not getting a turn with a favorite toy.","Child threw the toy and stomped their foot.","Child picked up the toy and apologized to friends.","yes","Not being included","Frustrated","Discussed sharing and taking turns after the incident.","How can we share better?","Role-play sharing scenarios to encourage cooperation.","public place overload","moderate","medium","high","train","yes","draft"
"631","v2","Child climbed a tree during a family picnic and refused to come down.","9-12","outdoor","Exploring the park during a picnic.","Child climbed higher and ignored requests to come down.","Child finally climbed down after seeing a snack was ready.","yes","Desire to explore","Excited and stubborn","Explained the importance of staying safe while climbing.","What can we do to be safe when climbing?","Talk about safe exploration limits.","public place overload","high","complex","high","train","yes","draft"
"632","v2","Child engaged in a quiet activity while waiting for food at a restaurant.","3-5","public-restaurant","Sitting at a table waiting for the meal.","Child colored quietly on the paper provided.","No consequence noted","no","Boredom","Calm","Encouraged the child to continue being creative.","What are you drawing?","Provide art activities during waits.","public place overload","low","easy","low","train","yes","draft"
"633","v2","Child kept asking questions loudly about the menu in a busy restaurant.","6-8","public-restaurant","Looking at a large menu with many options.","Child asked multiple questions in a row.","No consequence noted","no","Curiosity about food","Inquisitive","Helped the child narrow down choices to two.","What do you think you will choose?","Encourage kids to share their thoughts quietly.","public place overload","low","medium","low","train","yes","draft"
"634","v2","Child wandered away from the caregiver in a crowded market and looked at items.","9-12","public-store","Exploring a busy marketplace.","Child moved away from the caregiver to look at toys.","Child was reminded to stay close and returned happily.","yes","Curiosity about the stalls","Interested but lost","Reinforced the importance of staying together.","What caught your attention?","Discuss boundaries in public spaces.","public place overload","moderate","medium","medium","validation","yes","draft"
"635","v2","Child picked up a loud toy in a public store and started pressing buttons repeatedly.","6-8","public-store","Entering the toy section with excitement.","Child started making noise with the toy.","Child stopped when caregiver asked to put it back.","yes","Excitement about the toy","Excited but disruptive","Discussed the importance of being considerate in stores.","How do we choose toys at the store?","Introduce quiet toy options.","public place overload","moderate","medium","medium","validation","yes","draft"
"636","v2","Child suddenly ran away during a train ride, wanting to explore.","9-12","public-transport","Boarding a crowded train.","Child dashed to the other end of the carriage.","Child stopped when the caregiver called them back.","yes","Desire to explore","Adventurous","Reinforced the need to stay seated.","How can we explore safely here?","Discuss appropriate behaviors on public transport.","public place overload","high","complex","high","validation","yes","draft"
"637","v2","Child jumped up and down in excitement at a festival, drawing attention.","3-5","other-public","Arriving at a colorful festival with music.","Child started hopping and squealing.","No consequence noted","no","Excitement about the event","Thrilled","Encouraged them to express excitement in a safe way.","What do you see that you like?","Celebrate joyful moments in public.","public place overload","low","easy","low","validation","yes","draft"
"638","v2","Child became upset at the zoo when they couldn't see the lions immediately.","6-8","other-public","Walking through the zoo.","Child started to frown and pout.","Child calmed down after being shown a different animal.","yes","Disappointment","Sad","Redirected attention to another animal nearby.","What animal do you want to see next?","Encourage positive redirection.","public place overload","moderate","medium","medium","validation","yes","draft"
"639","v2","Child ran away from the designated picnic spot to chase a butterfly.","9-12","outdoor","Having a picnic in a park.","Child sprinted after the butterfly across the field.","Child returned when called and sat down to eat.","yes","Interest in nature","Excited","Reinforced the importance of staying in sight during picnics.","What did you see that was interesting?","Discuss the beauty of nature while staying safe.","public place overload","high","complex","high","test","yes","draft"
"640","v2","Child clung to the caregiver during a busy festival, not wanting to move.","3-5","other-public","Arriving at a crowded festival.","Child held onto the caregiver tightly.","No consequence noted","no","Crowded spaces","Nervous","Offered reassurance and talked about the surroundings.","What can we explore together?","Support with gradual exposure to busy places.","public place overload","low","easy","low","test","yes","draft"
"641","v2","Child loudly complained when they couldn’t find their favorite snack in the store.","6-8","public-store","Searching for snacks in a crowded aisle.","Child started to whine and stomp.","Child calmed down after being shown a different snack.","yes","Hunger","Frustrated","Discussed alternatives while shopping.","What else would you like to try?","Introduce variety when shopping.","public place overload","moderate","medium","medium","test","yes","draft"
"642","v2","Child abruptly stopped walking in a crowded mall and locked their hands together.","9-12","public-transport","Entering a busy mall filled with people.","Child froze and wouldn’t move.","No consequence noted","no","Overstimulation from the crowd","Overwhelmed","Gently encouraged them to take a deep breath and move forward.","What can help you feel more comfortable?","Discuss coping strategies for busy environments.","public place overload","low","complex","high","test","yes","draft"
"643","v2","While at the public store, the child saw a toy aisle and ran ahead, ignoring caregiver calls to stop.","6-8","public-store","Child spotted a colorful toy display.","Child ran toward the toys without looking back.","No consequence noted","no","Desire for a toy","Excited","Caregiver quickly followed to keep child safe.","What can I do to prevent this from happening again?","Setting clear boundaries before entering stores may help.","public place overload","low","medium","medium","train","yes","draft"
"644","v2","While at a public restaurant, the child started to yell after noticing a balloon.","9-12","public-restaurant","Child was waiting for food and spotted balloons at another table.","Child began shouting and pointing at the balloons.","Child calmed down and asked politely for a balloon after caregiver redirected attention to the meal.","yes","Desire for attention or a balloon","Frustrated","Caregiver acknowledged the desire and suggested waiting for the meal.","How can I help my child express their desires more calmly?","Encouraging patience can be beneficial in similar situations.","public place overload","moderate","medium","medium","train","yes","draft"
"645","v2","At the school playground, the child refused to leave the swings after numerous requests to come eat.","3-5","school-playground","Child was having fun swinging while friends were called for lunch.","Child firmly sat in the swing and ignored the caregiver.","Child eventually got off the swing when a friend joined them and offered to play tag.","yes","Desire to continue playing","Happy, but stubborn","Caregiver offered a choice to play tag or have a snack together.","What strategies can I use to encourage transitions?","Offering choices can make transitions smoother.","public place overload","moderate","medium","medium","validation","yes","draft"
"646","v2","During a crowded event, the child wandered away from the caregiver in search of a friend.","9-12","other-public","Child was looking for a familiar face in the crowd.","Child moved quickly and started calling out for the friend.","Child was found after a brief search and returned to the caregiver's side safely.","yes","Desire to find a friend","Concerned","Caregiver reminded the child about staying close in busy places.","What boundaries can we set for crowded events?","Practicing staying close in busy environments may help.","public place overload","high","complex","high","test","yes","draft"
"647","v2","While on a public transport bus, the child started pushing the emergency button and laughing.","6-8","public-transport","Child was feeling bored during a long ride.","Child pressed the emergency button multiple times, causing alarm.","Caregiver quickly explained the importance of not pressing buttons and redirected to a game instead.","yes","Boredom and seeking attention","Playful","Caregiver intervened to explain the situation.","How can I keep my child entertained during long trips?","Bringing along games or activities can help keep them engaged.","public place overload","low","medium","low","train","yes","draft"
"673","v2","During snack time, child noticed the cookies and left their seat immediately.","3-5","home","Snack time started","Child ran to the cookie jar and grabbed a cookie.","No consequence noted","no","Desire for cookies","Excitement","Caregiver reminded child to wait until everyone had snacks.","What other snacks do they enjoy?","Offer choices at snack time to manage excitement.","routine change","low","easy","low","train","yes","draft"
"674","v2","Child was asked to clean up toys before dinner.","6-8","home","Transition to dinner time","Child started putting toys away but then began to play with them instead.","Child finished cleaning up after being reminded twice.","yes","Desire to play","Playfulness","Caregiver encouraged child by saying they can play after dinner.","How can we make cleanup more fun?","Create a game around cleaning up to increase participation.","routine change","low","medium","low","train","yes","draft"
"675","v2","The morning routine changed due to a late start.","9-12","home","Woke up late","Child refused to get dressed and sat on the floor.","Child eventually got dressed after a choice of two outfits was offered.","yes","Change in routine","Frustration","Caregiver provided choices to motivate dressing.","What can we do to prepare for another late start?","Discuss backup plans for mornings.","routine change","low","medium","medium","train","yes","draft"
"676","v2","On a rainy day, outdoor playtime was canceled.","6-8","school-playground","Looking forward to outdoor play","Child began to shout and stomp their feet in frustration.","Child calmed down and joined a board game with friends after some encouragement.","yes","Disappointment","Frustration","Caregiver suggested an alternative activity.","What other indoor activities could they enjoy?","Have a list of indoor games ready.","routine change","low","medium","medium","train","yes","draft"
"677","v2","Child was told to switch from screen time to reading.","3-5","home","Screen time ended","Child threw their tablet on the couch and pouted.","Child settled down to read a book after being offered a choice of titles.","yes","Desire for screen time","Resistance","Caregiver engaged by choosing a fun book together.","What books do they enjoy most?","Incorporate their favorite themes into reading time.","routine change","moderate","medium","high","train","yes","draft"
"678","v2","Lunch was served earlier than usual.","9-12","school-classroom","Early lunch preparation","Child argued about not being hungry yet and pushed their plate away.","Child began to eat after a brief conversation about trying a few bites.","yes","Change in schedule","Discontent","Caregiver encouraged them to try a small portion.","How can we help them adjust to changes in meal times?","Discuss meal planning to align with their needs.","routine change","moderate","medium","train","","yes","draft"
"679","v2","Child was asked to leave the playground after a long time.","6-8","school-playground","End of playtime announcement","Child ran away and tried to climb a tree instead of coming back.","Child climbed down after being reminded of safety rules.","yes","Desire to continue playing","Defiance","Caregiver calmly explained the importance of safety and the need to leave.","What safety measures can we discuss for next time?","Create a clear signal for ending play.","routine change","moderate","medium","validation","","yes","draft"
"680","v2","Child's nap was cut short due to unexpected visitors.","3-5","daycare","Visitors arrived","Child woke up cranky and threw their blanket on the floor.","Child began playing with toys after a soothing talk about the visitors.","yes","Interrupted sleep","Crankiness","Caregiver provided comfort and reassurance about visitors.","How can we help them feel secure during interruptions?","Teach coping strategies for unexpected changes.","routine change","moderate","complex","train","","yes","draft"
"681","v2","Child was asked to tidy their room before bedtime.","9-12","home","Bedtime approach","Child became upset and refused to clean their room, saying it wasn't messy.","Child eventually cleaned after choosing a reward for finishing.","yes","Desire for bedtime","Frustration","Caregiver motivated with a reward system for cleaning up.","How can we make tidying up easier for them?","Consider a reward chart for chores.","routine change","low","medium","medium","train","yes","draft"
"682","v2","The family routine was altered for a family gathering.","6-8","relative-home","Family gathering planned","Child expressed displeasure about missing their favorite show.","Child engaged in group activities after being reassured about watching it later.","yes","Change in schedule","Disappointment","Caregiver discussed the fun they would have with relatives.","What favorite activities can we involve them in during gatherings?","Include child in planning family activities.","routine change","low","medium","medium","train","yes","draft"
"683","v2","Child arrived late to a sports practice.","9-12","other-public","Traffic delays","Child complained and sat on the bench refusing to participate.","Child joined practice after being reassured about catching up on missed drills.","yes","Change in routine","Annoyance","Caregiver encouraged participation and reminded to stay engaged.","What can we do to manage time better next time?","Review traffic patterns before events.","routine change","moderate","medium","validation","","yes","draft"
"684","v2","Child was asked to put away groceries after shopping.","3-5","public-store","Grocery shopping completed","Child started playing with the empty boxes instead of helping.","Child helped after a game was introduced to see who could put away items faster.","yes","Playing with boxes","Playfulness","Caregiver made it a fun activity.","How can we encourage them to help with chores?","Incorporate games into chores.","routine change","low","easy","train","","yes","draft"
"685","v2","Child was reminded to start their homework after dinner.","6-8","home","Dinner finished","Child complained that they were tired and wanted to play video games instead.","Child started homework after caregiver offered to set a timer for playtime after.","yes","Desire to play","Tiredness","Caregiver compromised with a playtime reward.","What strategies work best for motivating homework?","Set a routine for homework and play.","routine change","low","medium","medium","train","yes","draft"
"686","v2","Child was asked to leave a crowded event.","6-8","other-public","Event was ending","Child began wandering away from caregiver towards the exit without looking back.","Child responded to being called back and stayed close after a gentle reminder.","yes","Distraction from the crowd","Overwhelm","Caregiver used a calm voice to guide them back.","What strategies can we use in crowded places?","Practice staying close in busy environments.","routine change","high","medium","medium","validation","yes","draft"
"687","v2","Child had to change from their favorite shirt for an event.","9-12","public-restaurant","Event outing","Child refused to change and insisted on wearing the shirt.","Child finally agreed to wear a different shirt after discussing why it was important.","yes","Preference for clothing","Frustration","Caregiver explained the dress code for the event.","What can we do to help with clothing choices?","Offer options within the dress code.","routine change","moderate","medium","low","test","yes","draft"
"688","v2","Child was asked to quiet down in the library.","6-8","public-store","Quiet environment","Child started to whisper loudly and giggle with friends.","Child quieted down after being reminded of the library rules.","yes","Fun with friends","Excitement","Caregiver reminded them of the need for quiet in the library.","How can we remind them of library behavior?","Discuss rules before visits to similar places.","routine change","low","easy","test","","yes","draft"
"689","v2","Child was instructed to stop playing and get ready for bed.","3-5","home","Bedtime routine","Child started to cry and refused to put down their toys.","Child calmed and put away toys after a soothing story was read to them.","yes","Desire to continue playing","Frustration","Caregiver offered a story to help them transition.","What bedtime stories do they like?","Incorporate favorite stories into bedtime routines.","routine change","low","medium","medium","test","yes","draft"
"690","v2","Child was asked to wait for their turn at a game.","9-12","school-classroom","Waiting for their turn","Child began to fidget and complain about the wait.","Child focused on the game after being reminded of taking turns.","yes","Boredom","Impatience","Caregiver reinforced the importance of waiting.","What can we do to help with waiting?","Practice turn-taking games at home.","routine change","low","medium","low","test","yes","draft"
"691","v2","Child was told to stop running in the store.","6-8","public-store","Excitement in the store","Child began to giggle and tried to run even faster.","Child eventually stopped running when caregiver explained the store rules.","yes","Excitement","Joy","Caregiver used humor to redirect behavior.","How can we encourage safe behavior in stores?","Discuss store expectations before shopping.","routine change","moderate","medium","medium","test","yes","draft"
"692","v2","Child was asked to move from one play area to another.","9-12","outdoor","Playtime change","Child sat down and refused to move, saying they were having too much fun.","Child eventually transitioned to the new area after a countdown was offered.","yes","Change in play","Joy","Caregiver used a countdown to prepare for the move.","What countdown techniques do they respond to best?","Use timers for smooth transitions.","routine change","moderate","complex","test","","yes","draft"
"693","v2","Child became upset when the routine for snack time changed unexpectedly.","3-5","home","Snack time was announced earlier than usual.","Child shouted and refused to eat.","Child eventually sat at the table and nibbled on a cookie after a gentle reminder about snack time.","yes","Change in schedule","Frustration","Caregiver offered a favorite snack to ease the transition.","How can we prepare for changes in routine?","Using visual schedules might help with transitions.","routine change","low","easy","low","train","yes","draft"
"694","v2","Child was asked to put on shoes before heading outside.","6-8","outdoor","Family was ready to leave for the park.","Child sat on the floor and ignored the request.","Child picked up shoes and put them on after being reminded twice.","yes","Transition from indoor to outdoor","Annoyed","Caregiver provided a countdown to signal leaving time.","What strategies can motivate them to hurry?","Use timers to create urgency during transitions.","routine change","moderate","medium","medium","train","yes","draft"
"695","v2","Child was playing outside when it started to rain.","9-12","school-playground","Weather changed suddenly during recess.","Child ran towards the school without warning.","Child got inside and changed clothes after getting wet.","yes","Sudden rain","Surprise","Caregiver discussed the importance of checking weather before playing outside.","How can we prepare for unexpected weather?","Keeping an eye on the forecast can help.","routine change","moderate","medium","low","validation","yes","draft"
"696","v2","Child was at the store and saw their favorite toy.","6-8","public-store","Family was shopping for groceries.","Child grabbed the toy and ran down the aisle.","Child stopped and returned to the cart after being called back.","yes","Seeing something exciting","Excitement","Caregiver explained that they would come back for the toy later.","How can we create a waiting plan for special items?","Discussing priorities can help with shopping trips.","routine change","low","medium","high","test","yes","draft"
"697","v2","Child was playing outside but refused to come in for dinner.","9-12","outdoor","Dinner was ready and called for everyone.","Child climbed a tree and ignored calls to come inside.","Child remained in the tree until the caregiver approached and asked them to come down.","no","Transition time","Stubbornness","Caregiver encouraged them to come down by offering a story at dinner.","What can we do to make coming inside more appealing?","Using fun incentives can help with transitions.","routine change","high","complex","high","test","yes","draft"
"301","v2","During screen time, child kept asking for more time even after the timer rang.","3-5","home","Child was using the tablet for an episode of a cartoon.","Child stretched out their hand to keep the tablet and said, 'Just five more minutes!'.","Child eventually agreed and turned off the screen after a brief discussion.","yes","Timer going off","Excited about their show ending","Caregiver reminded about the timer and offered to read a book instead.","What activities do you enjoy after screen time?","Transitioning from screen time to other activities","screen-time ending","low","easy","low","train","yes","draft"
"302","v2","After finishing a game, the child started throwing the controller.","6-8","home","Child was playing a competitive video game with a sibling.","Child threw the controller on the couch and shouted, 'I hate losing!'.","Sibling picked up the controller and suggested playing a different game together.","yes","Losing the game","Frustrated about the outcome","Caregiver encouraged teamwork and suggested taking turns.","How do you feel about playing games together?","Handling frustration in play situations","screen-time ending","moderate","medium","medium","train","yes","draft"
"303","v2","When the show ended, the child suddenly jumped up and ran outside.","6-8","public-restaurant","Child was watching a movie on a phone during dinner.","Child shouted, 'It's over!' and dashed towards the door.","Caregiver quickly followed and reminded the child to stay close.","no","Movie ending","Excited to go outside","Caregiver calmly redirected the child back to the table.","What do you want to do after dinner?","Managing transitions in busy places","screen-time ending","moderate","medium","low","train","yes","draft"
"304","v2","Child refused to stop playing a game even after being asked multiple times.","9-12","home","Child had been playing a video game for an hour.","Child kept saying, 'Just one more level!' and ignored the request to stop.","Child paused the game after being offered a snack break.","yes","Repeated requests to stop","Focused on achieving a goal","Caregiver suggested a transition with a reward.","What can we do to make it easier to pause the game?","Encouraging breaks during gaming","screen-time ending","moderate","medium","medium","train","yes","draft"
"305","v2","After the screen time ended, the child started to play with toys instead.","3-5","daycare","Child had been watching cartoons with peers.","Child picked up their blocks and began building a tower.","No consequence noted","ending screen time","Happy to switch activities","Caregiver praised the choice of toys and joined in.","What toys do you want to play with next?","Encouraging play after screen time","screen-time ending","low","easy","low","train","yes","yes","draft"
"306","v2","The child kept asking to watch another episode after the show ended.","9-12","other-public","Child was watching a series on a mobile device.","Child said, 'Can we watch another one?' and looked at the device hopefully.","Child accepted the answer and engaged with a friend instead.","no","Desire for continuation","Hopeful for more content","Caregiver explained the importance of limits and suggested a fun activity.","What would you like to do instead?","Setting boundaries for screen time","screen-time ending","low","medium","medium","train","yes","draft"
"307","v2","Child climbed on the furniture to reach the tablet after screen time was done.","6-8","home","Child had been watching a show with a family member.","Child stood on the couch trying to grab the tablet from the shelf.","Caregiver safely helped the child down and put the tablet away.","yes","Attempting to reach the device","Determined to keep the tablet","Caregiver discussed safety around furniture and screens.","What can we do to make it safer at home?","Discussing safety during screen time","screen-time ending","high","complex","high","train","yes","draft"
"308","v2","The child began to cry when the video turned off suddenly.","3-5","public-store","Child was watching a short video while waiting in line.","Child exclaimed, 'No! I wanted to see that!' and started to cry.","Caregiver offered a comforting toy and sang a song to distract them.","yes","Unexpected interruption","Upset about the abrupt end","Caregiver comforted the child and offered choices for new activities.","What else can we watch or do?","Finding alternatives during transitions","screen-time ending","moderate","medium","medium","train","yes","draft"
"309","v2","Child refused to hand over the tablet after screen time was completed.","9-12","school-classroom","Child was using the tablet for a group project.","Child said, 'I don't want to stop using it!' and clutched it tightly.","Child complied after a peer asked to use it for classwork.","no","Completion of group work","Stubborn about sharing","Caregiver reminded the importance of sharing and teamwork.","How can we share our tools better?","Encouraging cooperation in shared activities","screen-time ending","low","medium","medium","train","yes","draft"
"310","v2","When asked to turn off the screen, the child started to throw toys.","6-8","school-playground","Child had been watching a fun video during free time.","Child threw toys in frustration and shouted, 'I don’t want to!' when told to stop.","Child finally calmed down and helped clean up after a discussion.","yes","Request to stop watching","Frustrated about ending the fun","Caregiver helped the child express feelings and offered alternatives.","What other fun things can we do outside?","Helping manage emotions during transitions","screen-time ending","moderate","complex","medium","train","yes","draft"
"311","v2","After watching a show, child immediately asked for snacks.","3-5","home","Child was watching a favorite cartoon after school.","Child jumped off the couch and said, 'I’m hungry!' while heading to the kitchen.","No consequence noted","desire for a snack after watching","Eager for food","Caregiver encouraged healthy choices and involved the child in snack prep.","What healthy snacks do you want?","Encouraging healthy eating habits","screen-time ending","low","easy","low","train","yes","yes","draft"
"312","v2","Child locked the door during screen time and wouldn't let anyone in.","9-12","home","Child was watching a movie alone in their room.","Child said, 'I need my space!' and locked the door when asked to join family.","Caregiver calmly unlocked the door and discussed sharing space with family.","yes","Isolation during screen time","Desiring privacy","Caregiver suggested a family movie time together.","How can we enjoy our time together?","Discussing boundaries and space","screen-time ending","high","complex","high","train","yes","draft"
"313","v2","Child started playing with the game console after the timer went off.","6-8","relative-home","Child was allowed screen time while visiting relatives.","Child said, 'Just one more game!' and pressed the start button.","Caregiver turned off the console and redirected to board games.","yes","Timer ending","Determined to continue playing","Caregiver encouraged switching activities for family time.","What games do you like to play with family?","Fostering engagement during family visits","screen-time ending","moderate","medium","medium","validation","yes","draft"
"314","v2","Child shouted when the video stopped without warning.","3-5","public-transport","Child was watching a short video while waiting for the bus.","Child yelled, 'No! Not yet!' and looked around confused.","Caregiver reassured the child and suggested singing a song together.","yes","Sudden stop of video","Surprised by the end","Caregiver introduced a fun singing game to keep spirits up.","What song do you want to sing?","Finding fun alternatives during waiting times","screen-time ending","low","medium","low","validation","yes","draft"
"315","v2","Child tried to sneak another episode on the tablet after screen time.","9-12","public-transport","Child was watching a series during the ride home.","Child reached for the tablet while saying, 'Just one more episode!' when asked to stop.","Caregiver reminded about the rules and suggested reading instead.","yes","Sneaking additional screen time","Playful about the rules","Caregiver reinforced the importance of following rules.","What book are you interested in reading?","Encouraging following rules around screen time","screen-time ending","moderate","medium","medium","validation","yes","draft"
"316","v2","Child was reluctant to turn off the screen and walked away slowly.","6-8","school-classroom","Child was using a tablet for group learning.","Child said, 'I need just a little more time!' and walked to the corner of the room.","Caregiver encouraged the child to join the group for discussion.","no","Completion of learning session","Reluctant about stopping","Caregiver reinforced the importance of group participation.","What did you learn today?","Encouraging engagement in group activities","screen-time ending","low","medium","low","test","yes","draft"
"317","v2","During the transition from screen time, child became quiet and withdrawn.","9-12","other-public","Child was watching videos on a family outing.","Child sat silently and looked at the ground when asked to stop watching.","Child later joined the family activity after a gentle nudge.","yes","Request to stop watching","Withdrawn about participation","Caregiver gently engaged the child in conversation about their interests.","How do you feel about our outing?","Encouraging social interaction after screen time","screen-time ending","moderate","medium","medium","test","yes","draft"
"318","v2","Child climbed onto a high shelf to reach the tablet after screen time was over.","9-12","home","Child finished watching a show and wanted to keep the tablet.","Child said, 'I can get it myself!' and tried to climb.","Caregiver safely intervened and explained why they shouldn't climb.","yes","Attempt to climb for a device","Overly determined to keep the device","Caregiver emphasized safety regarding climbing and reaching.","What safety rules do we need to follow?","Discussing safety around devices","screen-time ending","high","complex","high","test","yes","draft"
"319","v2","Child quickly turned off the tablet and walked away cheerfully.","3-5","daycare","Child was watching a video during playtime.","Child smiled and said, 'All done!' before moving on to toys.","No consequence noted","end of playtime","Happy about switching activities","Caregiver praised the child for their transition.","What do you feel like playing now?","Promoting positive transitions","screen-time ending","low","easy","low","test","yes","yes","draft"
"320","v2","Child started to crumple papers in frustration when asked to stop screen time.","6-8","school-classroom","Child was using a tablet for schoolwork.","Child crumpled the paper and said, 'I don't want to stop!' when told to end.","Child began to participate in group discussion after a timeout.","yes","Request to stop screen time","Frustrated about an assignment","Caregiver reassured the child and redirected focus to group work.","How can we work through our frustrations together?","Helping manage emotions in group settings","screen-time ending","moderate","medium","medium","test","yes","draft"
"321","v2","Child started waving goodbye to the screen after time was up.","3-5","home","Caregiver announced it was time to turn off the tablet.","Child put down the tablet and went to play with blocks.","No consequence noted","no","Routine transition from screen time to playtime.","happy","Caregiver praised the child for a great choice.","What activities would you like to do next?","Let's set a timer for your next screen time.","screen-time ending","low","easy","low","train","yes","draft"
"322","v2","Child began arguing about finishing their show when it was time to end.","6-8","public-restaurant","Caregiver said it was time to leave the table.","Child insisted on watching one more episode and raised their voice.","No consequence noted","no","Desire to watch more before leaving.","frustration","Caregiver suggested a new game to play outside.","How can we make waiting more fun?","Have we set limits for screen time?","screen-time ending","moderate","medium","medium","train","yes","draft"
"323","v2","Child threw the remote across the room when asked to turn off the TV.","9-12","home","Caregiver requested the TV be turned off after movie time.","Child reacted by throwing the remote and yelling.","Child sat silently in the corner after throwing the remote.","yes","Frustration with the transition from screen to other activities.","angry","Caregiver took a deep breath and asked if the child wanted to talk about it.","What made you feel that way?","Let's think of other fun things we can do together.","screen-time ending","high","complex","high","train","yes","draft"
"324","v2","Child hopped off the couch and walked to the door as soon as the show ended.","6-8","other-public","Caregiver ended the screen time for the day.","Child stood up excitedly and ran towards the door.","Child opened the door and waited outside.","no","Ready to leave the indoor space after screen time.","eager","Caregiver reminded them to put on shoes before going outside.","What do you want to do first outside?","Let's set a plan for your outdoor play.","screen-time ending","low","easy","low","train","yes","draft"
"325","v2","Child asked for more playtime after finishing their game.","3-5","daycare","Caregiver said it was time to clean up.","Child begged for just five more minutes.","Child picked up toys willingly after being reminded of the next activity.","yes","Transition to a new activity after screen time.","curious","Caregiver encouraged them by suggesting a fun story time.","What other games do you enjoy?","What snacks would be good after story time?","screen-time ending","low","medium","low","train","yes","draft"
"326","v2","Child ignored the request to turn off the tablet and continued playing.","9-12","school-classroom","Caregiver announced that it was time to switch activities.","Child kept playing and turned away from the teacher.","Child finally turned it off and joined the group activity after a few reminders.","yes","Delayed response but eventually complied with the request.","bored","Caregiver provided options for the next activity.","What did you enjoy most about the game?","How do you feel about group activities?","screen-time ending","moderate","medium","medium","train","yes","draft"
"327","v2","Child attempted to climb on the kitchen counter to reach a tablet.","6-8","home","Caregiver stated it was time to end the screen session.","Child climbed onto the counter and tried to grab the tablet.","Caregiver quickly redirected them to sit down safely.","yes","Child moved to an unsafe location to retrieve the item.","concerned","Caregiver calmly explained safety rules regarding climbing.","What can we do to stay safe in the kitchen?","Let's talk about safe places to play.","screen-time ending","high","complex","high","train","yes","draft"
"328","v2","Child sulked and refused to help clean up after screen time.","9-12","public-store","Caregiver said it was time to finish the game.","Child sat with their arms crossed and stared at the floor.","Child reluctantly started picking up after being asked again.","yes","Child became engaged after initial resistance.","disappointed","Caregiver offered to help with the clean-up.","What part did you like best about the game?","How can we make clean-up easier?","screen-time ending","moderate","medium","medium","train","yes","draft"
"329","v2","Child started crying when it was time to stop playing.","3-5","relative-home","Caregiver announced it was the end of screen time.","Child cried and called for more time.","Child calmed down after the caregiver offered to read a book.","yes","Child shifted their focus to a different activity with support.","sad","Caregiver provided comfort and options for other fun activities.","What story do you want to hear?","How can we make reading time special?","screen-time ending","low","easy","low","train","yes","draft"
"330","v2","Child was reluctant to leave the playground after screen time.","3-5","school-playground","Caregiver reminded it was time to go home.","Child kept looking back at the swings and walking slowly.","Child picked up speed after seeing a friend join them.","yes","Child was motivated by peer interaction to leave.","playful","Caregiver encouraged them with fun plans for later.","What fun things do you want to do after?","How about drawing what you saw at the playground?","screen-time ending","low","medium","low","train","yes","draft"
"331","v2","Child loudly protested when it was time to stop using the tablet.","6-8","home","Caregiver indicated it was time to turn off the device.","Child shouted and stamped their feet in frustration.","Child eventually took a deep breath and sat down at the table.","yes","Child calmed down and transitioned to the next task with guidance.","frustrated","Caregiver provided a calming strategy to ease the transition.","What can help you feel better during changes?","Shall we create a countdown for screen time?","screen-time ending","moderate","medium","medium","train","yes","draft"
"332","v2","Child slipped away from the caregiver to stay on the playground after screen time.","9-12","public-playground","Caregiver said it was time to leave the park.","Child ran to hide behind the climbing structure.","Caregiver found them and brought them to the car after a search.","yes","Child was out of sight, causing concern for safety.","worried","Caregiver reinforced the need to stay together.","Why did you choose to hide instead of coming right away?","How can we stay safe while having fun?","screen-time ending","high","complex","high","train","yes","draft"
"333","v2","Child pushed their friend when asked to leave the game.","6-8","school-classroom","Caregiver said it was time to gather belongings.","Child showed frustration and shoved a peer aside.","Child apologized after being redirected by the caregiver.","yes","Child recognized the need to make amends after a conflict.","embarrassed","Caregiver facilitated a discussion about sharing and kindness.","How can we handle disagreements better?","What do you think would have been a better choice?","screen-time ending","moderate","medium","medium","train","yes","draft"
"334","v2","Child stayed at the table and started doodling when screen time ended.","9-12","public-restaurant","Caregiver announced the end of screen time.","Child shifted to drawing instead of leaving immediately.","Child engaged happily in art until the food arrived.","no","Positive transition to another activity after screen time.","content","Caregiver encouraged creativity and praised the drawings.","What else can you create while waiting?","Should we ask for more paper to draw on?","screen-time ending","low","easy","low","train","yes","draft"
"335","v2","Child covered their eyes and ignored the caregiver's request to stop playing.","3-5","home","Caregiver told the child it was time to turn off the TV.","Child laid on the couch and refused to move or respond.","Child sat up and turned off the TV after a gentle reminder.","yes","Child complied after the caregiver used a calm approach.","silly","Caregiver offered a fun distraction to ease the transition.","What fun game can we play together now?","How about a dance party?","screen-time ending","low","easy","low","train","yes","draft"
"336","v2","Child tried to sneak back to the screen after being told to stop.","9-12","home","Caregiver indicated it was time to stop screen time.","Child tiptoed back towards the device with a grin.","Caregiver caught them and reminded about the rules, leading to a discussion.","yes","Child engaged in conversation about rules and choices.","playful","Caregiver encouraged open communication about screen time limits.","How can we work together on screen time?","What other fun activities can we explore?","screen-time ending","moderate","medium","medium","train","yes","draft"
"337","v2","Child asked repeatedly to keep watching their favorite show.","6-8","public-store","Caregiver said they needed to move on with their day.","Child kept asking for just one more episode.","Child finally agreed to help carry the groceries as a distraction.","yes","Child transitioned by focusing on another task.","cooperative","Caregiver encouraged teamwork and involvement.","What can we do to make shopping more fun?","What else do you enjoy doing with your time?","screen-time ending","low","medium","low","train","yes","draft"
"338","v2","Child refused to come inside when called for dinner.","6-8","outdoor","Caregiver indicated it was time to eat.","Child remained outside, playing with a toy.","Child eventually joined for dinner after the caregiver offered dessert later.","yes","Child responded positively to a potential reward.","excited","Caregiver encouraged them with an incentive for coming inside.","What would make you want to come in right now?","How about a treat after dinner?","screen-time ending","moderate","medium","medium","train","yes","draft"
"339","v2","Child began to cry when asked to stop playing a game on the tablet.","3-5","daycare","Caregiver announced the end of screen time for the day.","Child cried and tried to hide the tablet behind their back.","Child calmed down after the caregiver offered to play their favorite game next.","yes","Child shifted focus upon reassurance from the caregiver.","sad","Caregiver comforted them and offered alternatives.","What activity would you like to do after this?","Shall we play a game together?","screen-time ending","low","easy","low","train","yes","draft"
"340","v2","Child began throwing toys when the screen time ended.","6-8","public-transport","Caregiver indicated they needed to stop playing games.","Child reacted by tossing a small toy onto the floor.","Child picked up their toy and joined the caregiver after a brief talk.","yes","Child calmed down and returned to more appropriate behavior.","frustrated","Caregiver discussed ways to express feelings without acting out.","What can we do instead of throwing things?","How can we express our feelings better?","screen-time ending","moderate","medium","medium","train","yes","draft"
"341","v2","Child continued to play on the tablet without responding to requests to turn it off.","3-5","home","Caregiver asked child to end screen time for dinner.","Child ignored requests and kept playing on the tablet.","Child finally put the tablet down and joined for dinner after caregiver showed the food.","yes","Tablet was very engaging.","Caregiver remained calm and repeated the request.","What activities can we do together after screen time?","Encourage alternative activities after screen time is over.","screen-time ending","low","medium","medium","train","yes","yes","draft"
"342","v2","Child was watching a show and became upset when it was time to stop.","6-8","public-restaurant","Lunch was served and it was time to end screen time.","Child protested loudly, asking to finish one more episode.","Child eventually turned off the device and started eating lunch.","yes","Child wanted to see the end of a favorite episode.","Caregiver explained it was time to eat and offered a distraction with food.","How can we make transitions smoother at home?","Offer visual timers to help with transitions from screen time.","screen-time ending","moderate","medium","medium","train","yes","yes","draft"
"343","v2","Child was playing a video game and was instructed to stop when friends arrived.","9-12","school-classroom","Friends came over after school.","Child initially resisted and asked to keep playing.","Child turned off the game and greeted friends after a short negotiation.","yes","Child wanted to play with friends instead.","Caregiver encouraged them to socialize and suggested a group game.","What games can we play together next time?","Encourage group activities that include everyone.","screen-time ending","low","medium","low","train","yes","yes","draft"
"344","v2","Child was happily watching videos when it was time to leave for a family visit.","6-8","public-store","It was time to leave for an outing.","Child threw the tablet on the couch and ran to the door.","Child picked up their shoes and left with the family after a countdown.","yes","Child was excited about the outing.","Caregiver counted down the time and offered to take the tablet with them.","How can we make leaving less stressful?","Use countdowns to prepare for transitions.","screen-time ending","low","easy","low","train","yes","yes","draft"
"345","v2","Child was engrossed in a show and did not notice it was time for bed.","9-12","home","Bedtime routine was starting.","Child kept asking for 'just five more minutes'.","Child eventually turned off the TV and went to bed after a timer went off.","yes","Child wanted to finish the episode.","Caregiver set a timer and offered to read a story afterward.","What can we do to help them wind down before bed?","Establish a calming night routine after screen time.","screen-time ending","moderate","medium","medium","validation","yes","yes","draft"
"346","v2","Child was playing a game outside when it was time to come inside for dinner.","3-5","outdoor","Dinner was ready and it was getting dark outside.","Child ran away from the house and hid behind a tree.","Child came inside after caregiver gently called them and explained dinner was ready.","yes","Child was enjoying the game and didn't want to stop.","Caregiver used a fun voice to call them in and promised a treat for coming inside.","How can we encourage them to transition inside?","Make coming inside a fun experience with rewards.","screen-time ending","high","complex","high","test","yes","yes","draft"
"347","v2","Child was watching cartoons in the living room but refused to pause for a family activity.","6-8","relative-home","Family game night was about to start.","Child shouted that they didn't want to stop watching.","Child eventually turned off the TV and joined the family after caregiver offered to play their favorite game.","yes","Child was focused on the TV.","Caregiver offered to let them choose the first game after joining.","What are some activities that they enjoy doing with family?","Involve them in choosing family activities to keep them engaged.","screen-time ending","moderate","medium","medium","test","yes","yes","draft"
"448","v2","Child was playing with blocks when loud music started playing outside.","3-5","home","Loud music","Child covered ears and started crying.","Child found a quiet spot under the table.","yes","Loud music","Overwhelmed","Caregiver encouraged child to take deep breaths.","What helps when noises are too loud?","Provide quiet spaces for breaks.","sensory overload","low","easy","low","train","yes","draft"
"449","v2","At the store, the bright lights began flashing before they entered.","6-8","public-store","Bright lights","Child squinted and complained about the lights being too bright.","Child asked to leave the store and went to the car.","yes","Bright lights","Annoyed","Caregiver agreed to find a less bright area.","How do they feel about bright lights?","Choose stores with softer lighting.","sensory overload","moderate","medium","medium","train","yes","draft"
"450","v2","During a classroom presentation, a lot of kids began talking loudly.","9-12","school-classroom","Loud talking","Child raised their voice to be heard and looked frustrated.","Child decided to leave the classroom to calm down.","yes","Loud talking","Frustrated","Caregiver suggested they express feelings to a teacher.","How can they handle loud environments?","Encourage open communication about feelings.","sensory overload","moderate","medium","medium","train","yes","draft"
"451","v2","Child was playing outside when a loud truck passed by.","6-8","outdoor","Loud truck","Child jumped and covered their ears.","Child went inside to avoid the noise.","yes","Loud truck","Startled","Caregiver reassured child it was okay to go inside.","What helps when sudden sounds happen?","Practice reacting to sudden loud noises.","sensory overload","low","easy","low","train","yes","draft"
"452","v2","In the daycare, several children began shouting during playtime.","3-5","daycare","Loud shouting","Child yelled back but then became silent and sat down.","Child started drawing quietly at the table.","yes","Loud shouting","Overwhelmed","Caregiver praised child for finding a quieter activity.","What can help when everyone is loud?","Offer quieter activities during busy times.","sensory overload","low","easy","low","train","yes","draft"
"453","v2","At a relative's home, a lot of people were talking at once during dinner.","9-12","relative-home","Many people talking","Child put their hands over their ears and looked around anxiously.","Child excused themselves to the bathroom for a moment.","yes","Many people talking","Anxious","Caregiver later checked in to see how they felt.","What noisy situations are tough for them?","Plan some quiet time during gatherings.","sensory overload","moderate","medium","medium","train","yes","draft"
"454","v2","Child was at the playground when music started playing from a nearby event.","6-8","school-playground","Loud music","Child started jumping up and down, looking confused.","Child chose to go over to a quieter area of the playground.","yes","Loud music","Confused","Caregiver suggested finding a quieter spot together.","How do they feel about music in public places?","Identify quieter play areas beforehand.","sensory overload","low","easy","low","train","yes","draft"
"455","v2","While waiting for food in a restaurant, the kitchen got busy and noisy.","9-12","public-restaurant","Busy kitchen sounds","Child covered their ears and frowned at the noise.","Child asked if they could eat outside.","yes","Busy kitchen","Frustrated","Caregiver agreed to move outside for a quieter meal.","How do they feel in busy restaurants?","Choose quieter dining locations.","sensory overload","moderate","medium","medium","train","yes","draft"
"456","v2","Child was in a crowded public transport when people started moving around.","6-8","public-transport","Crowded space","Child began to shake and looked around worried.","Child clutched caregiver's hand tightly until they reached their stop.","yes","Crowded space","Worried","Caregiver held child close and spoke calmly.","What can help when it feels too crowded?","Practice deep breathing for crowded places.","sensory overload","high","complex","high","validation","yes","draft"
"457","v2","At school, the classroom was buzzing with excitement on field trip day.","9-12","school-classroom","Excited classmates","Child shouted over the noise and looked overwhelmed.","Child decided to sit quietly at their desk and draw.","yes","Excited classmates","Overwhelmed","Caregiver later discussed strategies for handling excitement.","What helps when others are very excited?","Create a plan for busy days.","sensory overload","moderate","medium","medium","train","yes","draft"
"458","v2","Child was playing video games when loud sounds from outside interrupted them.","3-5","home","Loud outside sounds","Child paused the game and looked upset.","Child took a break and went to play with toys in another room.","yes","Loud outside sounds","Upset","Caregiver suggested playing in a quieter room.","What can help when distractions occur?","Create a quiet gaming space.","sensory overload","low","easy","low","train","yes","draft"
"459","v2","In a busy playground, the swings squeaked loudly as children played.","6-8","school-playground","Loud swings","Child yelled in frustration and began to stomp their feet.","Child moved away from the swings to the climbing area.","yes","Loud swings","Frustrated","Caregiver encouraged child to find another activity.","How do they feel about loud playground equipment?","Explore quieter play options.","sensory overload","low","easy","low","train","yes","draft"
"460","v2","In a busy restaurant, several families started laughing loudly.","9-12","public-restaurant","Loud laughter","Child looked around and then started to cover their ears.","Child finished their meal quickly and asked to leave.","yes","Loud laughter","Annoyed","Caregiver acknowledged the noise and suggested going outside.","What can they do when the noise is too much?","Discuss what to expect in busy places.","sensory overload","high","complex","high","validation","yes","draft"
"461","v2","Child was watching a movie, but someone in the room started talking loudly.","6-8","home","Loud talking","Child turned to the person and asked them to be quiet.","Child chose to mute the movie and ask for a break.","yes","Loud talking","Annoyed","Caregiver supported their choice to ask for quiet.","What makes it hard to focus on movies?","Encourage respectful communication during movies.","sensory overload","moderate","medium","medium","train","yes","draft"
"462","v2","During a family gathering, the music went from soft to very loud suddenly.","3-5","other-public","Loud music change","Child started to cry and cover their ears.","Child clung to a family member for comfort and calmed down.","yes","Loud music change","Startled","Caregiver held them close and turned down the volume.","How can they feel comfortable at gatherings?","Prepare them for changes in noise levels.","sensory overload","low","easy","low","train","yes","draft"
"463","v2","At the park, a dog barked loudly as they were playing.","6-8","outdoor","Loud barking","Child jumped and looked around nervously.","Child chose to sit on a bench for a while.","yes","Loud barking","Nervous","Caregiver stayed close and talked about the barking dog.","How do they handle sudden loud noises?","Discuss how to cope with unexpected sounds.","sensory overload","low","easy","low","train","yes","draft"
"464","v2","At a busy family reunion, many conversations were happening at once.","9-12","relative-home","Many conversations","Child shouted to be heard and then looked frustrated.","Child found a quieter corner to read a book.","yes","Many conversations","Frustrated","Caregiver waited for child to feel ready to join again.","What can help in busy family gatherings?","Encourage quiet activities during gatherings.","sensory overload","moderate","medium","medium","train","yes","draft"
"465","v2","Child was at a fair and became overwhelmed by all the people and sounds.","3-5","other-public","Crowded fair","Child pulled away from the crowd and started to cry.","Child asked to go home earlier than planned.","yes","Crowded fair","Overwhelmed","Caregiver agreed to leave early to help child feel safe.","What do they like about fairs?","Discuss what they enjoy and what to avoid.","sensory overload","high","complex","high","validation","yes","draft"
"466","v2","In a classroom, the teacher started an interactive game with loud sound effects.","6-8","school-classroom","Interactive game","Child frowned and put their hands over their ears.","Child decided to sit quietly at the back of the classroom.","yes","Interactive game","Uncomfortable","Caregiver later spoke to child about their feelings during games.","What can help them during noisy activities?","Find quieter alternatives to games.","sensory overload","moderate","medium","medium","train","yes","draft"
"467","v2","While waiting in line, music from another store was very loud and distracting.","9-12","public-store","Loud store music","Child began to tap their feet and looked annoyed.","Child asked to move away from the music.","yes","Loud store music","Annoyed","Caregiver suggested they take a walk to a quieter section.","What can they do when music is too loud?","Explore what sounds they enjoy or dislike.","sensory overload","low","easy","low","test","yes","draft"
"468","v2","Child became overwhelmed by loud noises during playtime with friends.","3-5","school-playground","Busy playground with many children playing.","Child covered ears and sat down on the ground.","Child started to play with sand quietly after a few minutes.","yes","Loud kids playing nearby","Feeling overwhelmed","Caregiver encouraged them to find a quieter spot.","What activities make them feel more comfortable?","Create a calm space in the playground for breaks.","sensory overload","low","easy","low","train","yes","draft"
"469","v2","Child struggled to focus on a lesson when multiple things were happening.","6-8","school-classroom","Teacher started a group activity with lots of movement.","Child fidgeted in their seat and occasionally looked around.","Child asked to move to a different seat where they felt less distracted.","yes","Group activity with many voices","Confused and distracted","Caregiver suggested they take deep breaths and refocus.","How do they prefer to learn in a busy environment?","Encourage a distraction-free learning area.","sensory overload","moderate","medium","medium","train","yes","draft"
"470","v2","Child seemed upset when shopping due to bright lights and loud music.","9-12","public-store","Entering a busy store with music playing.","Child squinted and rubbed eyes, then insisted on leaving the store.","Child calmed down when they stepped outside for fresh air.","yes","Bright store lights and loud sounds","Uncomfortable and anxious","Caregiver offered to finish shopping later when it's quieter.","What strategies can help them when going to busy places?","Plan shopping trips during quieter times.","sensory overload","moderate","medium","high","validation","yes","draft"
"471","v2","Child knocked over items at a table when they felt overwhelmed.","6-8","public-restaurant","Waiting for food in a crowded space.","Child stood up and started pushing things on the table.","Child stopped and helped clean up after the caregiver asked them to.","yes","Crowded restaurant with many noises and smells","Frustrated and restless","Caregiver redirected them to play with a toy.","What can distract them during waiting times?","Introduce calming activities for waiting periods.","sensory overload","high","complex","high","test","yes","draft"
"472","v2","Child became restless during a long car ride.","9-12","public-transport","Long ride with heavy traffic and few stops.","Child started tapping feet and looking out of the window.","Child was offered a game to play on the tablet and engaged with it.","yes","Boredom and being stuck in traffic","Impatient and seeking stimulation","Caregiver suggested a fun game to play together.","What activities can we prepare for long trips?","Create a travel kit with fun distractions.","sensory overload","low","medium","medium","test","yes","draft"
"648","v2","Child became upset when parent left the room during playtime.","3-5","home","Parent left the room to answer a phone call.","Child started crying and ran to find the parent.","Child calmed down and continued playing once parent returned.","yes","Parent leaving the room","Separation from parent","Parent reassured the child that they would be back soon.","How can we help them feel more secure during these moments?","Offering comfort items during separations.","separation anxiety","low","easy","low","train","yes","draft"
"649","v2","Child hesitated to join the group at school after arrival.","6-8","school-classroom","Classmates were already playing games.","Child stood by the door and watched without joining in.","No consequence noted","no","Other children playing","Unsure about the activity","Teacher gently encouraged the child to join a friend.","What strategies can encourage them to engage?","Creating small group activities to ease participation.","separation anxiety","low","medium","low","train","yes","draft"
"650","v2","Child clung to the caregiver at a family gathering.","6-8","relative-home","Many relatives were present and socializing.","Child held onto caregiver's leg and wouldn't let go.","Caregiver picked the child up and moved to a quieter area.","yes","Large group of people","Overwhelmed by many voices","Caregiver offered a snack to distract the child.","What can we do to help them feel more comfortable in new situations?","Encouraging familiar activities in busy settings.","separation anxiety","moderate","medium","medium","train","yes","draft"
"651","v2","Child expressed reluctance to go outside after a brief rain.","9-12","outdoor","Weather changed suddenly.","Child stood at the door and refused to go out.","No consequence noted","no","Change in weather","Uncertainty about wet conditions","Parent offered to go out with the child.","What activities can we do indoors to keep them engaged?","Exploring indoor games together.","separation anxiety","low","easy","low","train","yes","draft"
"652","v2","Child became anxious waiting in line at the store.","6-8","public-store","Child saw a long line and many people.","Child started fidgeting and asked if they could leave.","Caregiver offered to play a game while waiting.","yes","Crowded environment","Feeling trapped in line","Parent suggested counting items on the shelves together.","How can we make waiting more fun for them?","Using distraction techniques during waits.","separation anxiety","moderate","medium","medium","train","yes","draft"
"653","v2","Child refused to enter the classroom for the first day.","6-8","school-classroom","New school year began.","Child stood outside the door and shook their head.","Teacher knelt down and spoke to the child, encouraging them to try.","yes","First day of school","Nervous about new environment","Teacher offered to introduce the child to a classmate.","What can we do before school starts to ease their transition?","Visiting the classroom beforehand.","separation anxiety","moderate","complex","train","","yes","draft"
"654","v2","Child wandered away from the caregiver in a crowded park.","9-12","outdoor","Family arrived at a busy park.","Child ran towards the playground without looking back.","Caregiver quickly called the child back and explained staying close.","yes","Crowded area","Excitement about the playground","Caregiver reinforced the importance of staying together.","How can we ensure their safety in busy places?","Setting clear boundaries about exploring.","separation anxiety","high","medium","medium","train","yes","draft"
"655","v2","Child was upset when a caregiver left for a short errand.","3-5","home","Caregiver prepared to leave the house.","Child cried and followed the caregiver to the door.","Child settled down with a toy after caregiver left.","yes","Caregiver leaving home","Fear of separation","Caregiver promised a quick return.","What can we do to reassure them during these times?","Using a timer to indicate return time.","separation anxiety","low","medium","low","train","yes","draft"
"656","v2","Child hesitated to join a friend at the playground.","6-8","school-playground","Friend called them over to play.","Child stood still and looked unsure.","Child eventually walked over after seeing the friend wave.","yes","Friend inviting them","Feeling uncertain about joining in","Caregiver encouraged the child to give it a try.","What can help them feel more confident in social settings?","Role-playing social interactions at home.","separation anxiety","low","medium","low","train","yes","draft"
"657","v2","Child locked themselves in the bathroom when left alone.","9-12","home","Caregiver asked the child to take a break.","Child locked the door and wouldn't come out when called.","Caregiver knocked and reassured the child that they were safe.","yes","Being left alone for a moment","Desire for control in a stressful moment","Caregiver gently opened the door to check on them.","How can we prevent such situations in the future?","Discussing feelings about being alone.","separation anxiety","high","complex","high","validation","yes","draft"
"658","v2","Child showed reluctance to leave a friend's house after playing.","6-8","relative-home","Time to go home was announced.","Child sat down and refused to move from the floor.","Caregiver offered to pick up the child and carry them out.","yes","Transition time","Not wanting to leave fun activities","Caregiver explained the next fun activity at home.","What can we do to ease transitions between activities?","Making a visual schedule of the day.","separation anxiety","moderate","medium","medium","train","yes","draft"
"659","v2","Child cried at a restaurant when the food took too long.","6-8","public-restaurant","Waiting for food to arrive.","Child started whimpering and looking around nervously.","Caregiver offered a toy to distract the child until the food arrived.","yes","Long wait time","Impatience about waiting","Caregiver reassured the child that food would be there soon.","What can we do to manage their expectations when waiting?","Bringing activities for waiting periods.","separation anxiety","low","medium","low","train","yes","draft"
"660","v2","Child clung to the caregiver during a school drop-off.","3-5","school-classroom","Arriving at school after break.","Child held tightly to the caregiver's hand and wouldn't let go.","Caregiver knelt down to assure the child it was safe to go in.","yes","Returning to school after a break","Separation anxiety at drop-off","Caregiver encouraged them to say goodbye to friends.","How can we make drop-offs smoother for them?","Practicing short separations at home.","separation anxiety","low","easy","low","train","yes","draft"
"661","v2","Child refused to walk into the public transport area.","9-12","public-transport","Transitioning from one bus to another.","Child stood at the entrance and looked around anxiously.","Caregiver guided the child and explained the process of boarding.","yes","Busy transport station","Feeling overwhelmed by crowds","Caregiver promised to stay close and count the stops together.","What can we do to help with public transport experiences?","Creating a checklist for boarding.","separation anxiety","moderate","medium","medium","train","yes","draft"
"662","v2","Child continuously asked when they could go home while playing outside.","6-8","outdoor","Family was at a picnic.","Child kept looking at the exit and asking about leaving.","Caregiver suggested playing a game to pass the time.","yes","Long stay outside","Desire for familiarity","Caregiver encouraged the child to enjoy the moment.","What can we do to help them enjoy being outside?","Bringing favorite toys for outdoor play.","separation anxiety","low","medium","low","train","yes","draft"
"663","v2","Child refused to enter the public library due to a crowd of visitors.","9-12","other-public","Arriving at a busy library event.","Child stood outside and shook their head, refusing to go in.","Caregiver offered to explore the outside area first.","yes","Crowded environment","Unsure about the situation","Caregiver prompted a discussion about what they could enjoy inside.","What strategies can we use for visits to crowded places?","Planning visits during less busy times.","separation anxiety","moderate","medium","medium","train","yes","draft"
"664","v2","Child would not leave the playground after many requests.","9-12","school-playground","Time to go home was approaching.","Child sat on the structure and ignored requests to come down.","Caregiver approached calmly and offered a countdown to leave.","yes","Transition time","Not ready to stop playing","Caregiver set a timer for five minutes before heading home.","What can we do to improve transition times?","Setting clear end times before play.","separation anxiety","high","complex","high","test","yes","draft"
"665","v2","Child expressed discomfort when family visited unexpectedly.","3-5","relative-home","Unfamiliar guests arrived.","Child hid behind a parent and peeked out occasionally.","Child gradually approached the guests after some reassurance.","yes","Unexpected visitors","Nervous about new people","Caregiver introduced the child to the guests gently.","How can we prepare them for unexpected situations?","Discussing visitors before they arrive.","separation anxiety","low","medium","low","test","yes","draft"
"666","v2","Child became anxious when separated from a caregiver at the grocery store.","6-8","public-store","Caregiver stopped to look at items on a shelf.","Child wandered off a few feet and looked back with worry.","Child quickly returned when the caregiver called them.","yes","Caregiver's distraction with shopping","Worry about being alone","Caregiver reminded the child to stay close while shopping.","What can we do to reinforce safety in stores?","Practicing staying close during trips.","separation anxiety","low","medium","low","test","yes","draft"
"667","v2","Child locked themselves in their room during a family gathering.","9-12","relative-home","Loud music and conversations were happening.","Child barricaded the door and wouldn't respond when called.","Caregiver managed to enter and talked softly to the child.","yes","Loud environment","Feeling overwhelmed by noise","Caregiver suggested a quiet space to relax together.","How can we help them cope with loud situations?","Creating a safe space in busy environments.","separation anxiety","high","complex","high","test","yes","draft"
"668","v2","Child noticed their parent leaving the room and started calling out for them loudly.","3-5","home","Parent prepared to leave for work.","Child ran to the door and grabbed their parent’s leg, refusing to let go.","Parent knelt down and reassured the child, and they both talked about plans for the day.","yes","Parent leaving the room","A sense of urgency","Parent offered to play a game later together.","How did the child respond after you reassured them?","Provide a familiar object for comfort during transitions.","separation anxiety","low","easy","medium","train","yes","draft"
"669","v2","Child was playing at daycare and saw other children being picked up by their parents.","6-8","daycare","End of the day at daycare.","Child became visibly upset and sat on the floor, refusing to join the line for pick-up.","Child eventually joined the line after a friend offered them a toy to play with.","yes","Other children leaving","Feeling left out","Caregiver encouraged them to say goodbye to friends before leaving.","Have you discussed the day's activities with the child?","Encourage saying goodbye to friends during pick-up.","separation anxiety","moderate","medium","low","train","yes","draft"
"670","v2","Child was at the playground but wouldn't leave the play structure to go home.","9-12","school-playground","Playtime ending and the caregiver called for the child.","Child climbed higher on the structure and said they wanted to stay longer.","Child came down after the caregiver counted to three and reminded them of dinner plans.","yes","End of playtime","Wanting more time to play","Caregiver provided a countdown to prepare for leaving.","What strategies can we use to signal it's time to go next time?","Use a visual timer for transitions.","separation anxiety","moderate","medium","validation","","yes","draft"
"671","v2","Child was in the store and saw a toy they wanted while the caregiver was busy with shopping.","6-8","public-store","Caregiver focused on items to purchase.","Child wandered off to look at the toy aisle without telling the caregiver.","Caregiver quickly found the child and talked about safety rules, reminding them to stay close.","no","Seeing a toy of interest","Excitement","Caregiver emphasized the importance of staying nearby.","How can we make sure the child stays close in busy places?","Practice staying together in familiar areas before shopping.","separation anxiety","high","complex","high","test","yes","draft"
"672","v2","Child was playing outside during a family gathering and started to walk away from the group.","9-12","relative-home","Lots of people and noise around.","Child began walking towards the street, seemingly unaware of surroundings.","Caregiver called out and walked quickly to intercept the child before they reached the street.","yes","Noise and activity of the gathering","Distraction from the group","Caregiver explained why they need to stay close and suggested a game to play together.","What can we do to help keep the child engaged during gatherings?","Set up a designated play area nearby.","separation anxiety","high","complex","test","","yes","draft"
"498","v2","Child was playing with blocks at the table and another child reached for a block. Child yelled loudly and pushed the other child away.","3-5","daycare","Another child approached to play with blocks.","Child yelled loudly and pushed the other child away.","No consequence noted","no","Desire to keep blocks to themselves","Frustrated","Caregiver reminded the child to share.","What could you do to play nicely with others?","Encourage sharing and taking turns during play.","social conflict","low","easy","low","train","yes","draft"
"499","v2","Child was playing on the swings when another child tried to use the swing next to them. Child started kicking their legs in frustration.","3-5","school-playground","Another child approached to use the swing.","Child started kicking their legs in frustration.","No consequence noted","no","Desire to keep swinging uninterrupted","Annoyed","Caregiver suggested waiting for their turn.","How can you ask for a turn?","Promote waiting patiently for turns.","social conflict","low","easy","low","train","yes","draft"
"500","v2","Child was coloring at a table when a sibling accidentally spilled crayons. Child shouted and threw their coloring book to the floor.","6-8","home","Sibling accidentally spilled crayons.","Child shouted and threw their coloring book to the floor.","No consequence noted","no","Frustration over the mess","Upset","Caregiver helped clean up the mess together.","What can we do when accidents happen?","Teach resilience and problem-solving after accidents.","social conflict","low","medium","medium","train","yes","draft"
"501","v2","Child was building a tower with blocks when another child knocked it down. Child cried and refused to play with anyone.","6-8","school-classroom","Another child knocked down the tower.","Child cried and refused to play with anyone.","Child eventually joined a new group and started a new project.","yes","Loss of the tower","Disappointed","Caregiver offered encouragement to rebuild together.","How can you express your feelings when things go wrong?","Encourage expressing feelings verbally.","social conflict","moderate","medium","medium","train","yes","draft"
"502","v2","Child was in the playground and did not want to share a toy. Child pulled it away from another child who reached for it.","6-8","school-playground","Another child tried to play with the toy.","Child pulled it away from another child who reached for it.","No consequence noted","no","Desire to keep the toy","Stubborn","Caregiver explained the importance of sharing.","How would it feel to share your toy?","Discuss the benefits of sharing and cooperation.","social conflict","low","medium","medium","train","yes","draft"
"503","v2","Child was at a family gathering when they were asked to share a toy with a cousin. Child refused and started to cry.","6-8","relative-home","Cousin asked to play with a toy.","Child refused and started to cry.","No consequence noted","no","Unwillingness to share","Sad","Caregiver offered a different toy to play with together.","What other toys do you like to play with?","Encourage exploring other play options.","social conflict","low","medium","low","train","yes","draft"
"504","v2","Child was at a restaurant waiting for food when another child touched their plate. Child yelled and pulled the plate away.","9-12","public-restaurant","Another child touched their plate.","Child yelled and pulled the plate away.","No consequence noted","no","Bothered by the intrusion","Irritated","Caregiver reminded the child to speak politely.","How can you tell them to stop politely?","Practice using polite language with others.","social conflict","low","complex","medium","train","yes","draft"
"505","v2","Child was in a store when they spotted a toy. Child begged for it loudly, causing attention from others nearby.","9-12","public-store","Child spotted an appealing toy.","Child begged for it loudly, causing attention from others nearby.","Child calmed down after being offered a different item.","yes","Desire for the toy","Excited","Caregiver suggested looking for alternatives.","What else would you like to find?","Teach about making choices and compromises.","social conflict","moderate","medium","medium","train","yes","draft"
"506","v2","Child was playing a video game when a sibling interrupted. Child yelled and turned off the game in anger.","9-12","home","Sibling interrupted the game.","Child yelled and turned off the game in anger.","No consequence noted","no","Desire for uninterrupted play","Angry","Caregiver encouraged taking a break and talking it out.","How can you communicate when you're upset?","Discuss taking breaks during heated moments.","social conflict","moderate","complex","high","train","yes","draft"
"507","v2","Child was at the park and walked away from the caregiver to follow a group of children. Caregiver had to call them back repeatedly.","9-12","outdoor","Child noticed a group of children playing.","Child walked away from the caregiver.","Child returned after being called.","yes","Curiosity about the group","Distracted","Caregiver explained the importance of staying close.","Why is it important to stay near me?","Discuss safety and boundaries in public places.","social conflict","moderate","medium","high","train","yes","draft"
"508","v2","Child was at the playground and refused to let another child join their game. Child pushed the other child away.","6-8","school-playground","Another child asked to join the game.","Child pushed the other child away.","No consequence noted","no","Desire for control of the game","Defensive","Caregiver encouraged more inclusive play.","What makes you want to play alone?","Foster teamwork and inclusion in play.","social conflict","low","medium","medium","validation","yes","draft"
"509","v2","Child was at a family event when they were asked to let a cousin play with their toy. Child kicked the toy away from the cousin.","6-8","relative-home","Cousin wanted to play with the toy.","Child kicked the toy away from the cousin.","Child handed the toy back after a discussion.","yes","Feeling possessive over the toy","Defensive","Caregiver facilitated sharing the toy.","How can we take turns with toys?","Encourage turn-taking during play.","social conflict","moderate","medium","validation","","yes","draft"
"510","v2","Child was in the grocery store and wanted to push the cart. When an adult helped, the child yelled and tried to pull it back.","3-5","public-store","Adult helped with the cart.","Child yelled and tried to pull it back.","No consequence noted","no","Desire for independence","Frustrated","Caregiver reminded the child they can help push later.","What can you do to help with the cart?","Encourage participation in tasks.","social conflict","low","easy","validation","","yes","draft"
"511","v2","Child was at daycare and refused to share their art supplies. When another child asked, they loudly said no and pouted.","3-5","daycare","Another child asked to use the supplies.","Child loudly said no and pouted.","No consequence noted","no","Wanting to keep supplies for themselves","Self-centered","Caregiver gently encouraged sharing.","How can sharing make play more fun?","Discuss the joy of sharing.","social conflict","low","easy","validation","","yes","draft"
"512","v2","Child was playing with a toy at home when a sibling tried to take it. Child hit the sibling's hand away.","6-8","home","Sibling reached for the toy.","Child hit the sibling's hand away.","No consequence noted","no","Protecting their toy","Frustrated","Caregiver intervened and reminded about gentle hands.","What can we do instead of hitting?","Model gentle conflict resolution.","social conflict","low","medium","validation","","yes","draft"
"513","v2","Child was on a playdate when they refused to share their favorite game with a friend. They crossed their arms and pouted.","6-8","other-public","Friend asked to play the game.","Child crossed their arms and pouted.","Child eventually agreed to play together after some discussion.","yes","Desire to keep the game to themselves","Possessive","Caregiver encouraged finding a compromise.","How can you both play together?","Support collaborative play options.","social conflict","moderate","medium","validation","","yes","draft"
"514","v2","Child was at a birthday party when they saw another child with a gift. Child yelled and tried to grab it away.","9-12","other-public","Another child opened a gift.","Child yelled and tried to grab it away.","Child stopped after a caregiver quickly intervened.","yes","Jealousy of the gift","Envious","Caregiver redirected attention to their own gifts.","How do you think the other child felt?","Discuss feelings in group settings.","social conflict","high","complex","validation","","yes","draft"
"515","v2","Child was in a crowded area and suddenly ran away from the caregiver to play with a group of children without asking.","9-12","public-transport","Saw a group of children playing.","Child ran away from the caregiver.","Child returned after being called back.","yes","Excitement to join other children","Excited","Caregiver explained the need to stay close in crowds.","What could happen if you wander off?","Talk about safety in busy places.","social conflict","high","complex","validation","","yes","draft"
"516","v2","Child was at a school event when they refused to include a classmate in a group activity. They told the classmate to go away.","9-12","school-classroom","Classmate wanted to join the activity.","Child told the classmate to go away.","Child eventually apologized and invited the classmate to join.","yes","Desire to control the group","Dismissive","Caregiver encouraged inclusion.","What would you feel if you were excluded?","Foster empathy and inclusion.","social conflict","moderate","complex","test","","yes","draft"
"517","v2","Child was at the playground and took a toy from another child. When the other child protested, they shouted back and refused to give it back.","9-12","school-playground","Another child protested taking the toy.","Child shouted back and refused to give it back.","No consequence noted","no","Desire for the toy","Angry","Caregiver intervened to discuss fairness.","How does it feel to take something that isn't yours?","Teach about respecting others' belongings.","social conflict","moderate","complex","test","","yes","draft"
"518","v2","Child was told it was time to share the toy with a friend. Child threw the toy and yelled, 'No! It's mine!'","3-5","school-playground","Transition to sharing","Child threw the toy and yelled, 'No! It's mine!'","No consequence noted","no","Hearing the word 'share'","Frustration","Caregiver reminded child to use kind words and offered to help share","How can I help you feel better about sharing?","Encourage sharing through playtime activities that emphasize teamwork.","social conflict","low","easy","low","train","yes","draft"
"519","v2","During a group project, child ignored a classmate's suggestion. Instead, they shouted out their own ideas loudly.","6-8","school-classroom","Working on a group project","Child shouted over classmates, insisting on their own ideas.","Child eventually listened to a friend's suggestion and changed their approach.","yes","Classmate's idea was proposed","Eagerness to lead","Caregiver praised child for listening and adjusting.","What did you learn from your classmates' ideas?","Practice turn-taking in discussions to enhance listening skills.","social conflict","moderate","medium","medium","train","yes","draft"
"520","v2","Child was playing a game with peers and became upset when they lost. They pushed another child and said, 'You cheated!'","6-8","school-playground","Losing a game","Child pushed another child and accused them of cheating.","Other child walked away, and child was left alone.","yes","Feeling competitive","Caregiver reminded child that games are for fun and encouraged an apology.","How can you handle losing better next time?","Introduce games that focus on cooperation rather than competition.","social conflict","moderate","medium","medium","train","","yes","draft"
"521","v2","While at a family gathering, child locked themselves in a room, refusing to come out when called multiple times.","9-12","relative-home","Being asked to join family activities","Child locked themselves in a room and ignored calls to come out.","Child eventually came out after caregiver asked if they needed a break.","yes","Feeling overwhelmed by social interactions","Caregiver checked in to see if child needed space and offered to play a game together.","What would make family gatherings more comfortable for you?","Offer quiet spaces during social events for children who may feel overwhelmed.","social conflict","high","complex","high","validation","","yes","draft"
"522","v2","At the store, child began to wander away from caregiver when they spotted a toy aisle.","9-12","public-store","Spotted toys on display","Child started to walk towards the toy aisle without asking permission.","Caregiver quickly caught up and reminded child to stay close for safety.","yes","Seeing toys they liked","Caregiver explained the importance of staying together in crowded places.","What can you do to let me know you're excited about something?","Teach children to express excitement while understanding safety boundaries.","social conflict","moderate","medium","low","test","","yes","draft"
"348","v2","Child was asked to put away toys after playtime.","3-5","home","End of playtime","Child ignored the request and continued playing with blocks.","No consequence noted","no","Change in activity","Neutral","Caregiver reminded the child again.","How can we make clean-up more fun?","Consider setting a timer for transitions.","transition difficulty","low","easy","low","train","yes","draft"
"349","v2","Child was transitioning from outdoor play to snack time.","6-8","school-playground","Snack time announcement","Child hesitated and sat down on the ground, not wanting to move.","Child eventually walked to the snack area after a gentle nudge.","yes","Change in activity","Neutral","Caregiver offered a favorite snack to encourage movement.","What snack would you like next time?","Try using a signal to indicate transitions.","transition difficulty","low","medium","low","train","yes","draft"
"350","v2","Child was finished with art class and needed to go to lunch.","6-8","school-classroom","Class ended","Child started to gather supplies but then sat down and began doodling instead.","Child was reminded about lunch and quickly packed up to join classmates.","yes","Change in activity","Neutral","Caregiver encouraged the child by mentioning friends were waiting.","How can we keep the energy up during transitions?","Discuss using a checklist for transitions.","transition difficulty","low","medium","medium","train","yes","draft"
"351","v2","Child was preparing to leave the park after playtime.","9-12","other-public","Time to go home","Child refused to leave and started playing tag with friends instead.","Child joined the group for one last round of tag before leaving.","yes","Social interaction","Happy","Caregiver allowed a short extension on playtime.","What can make leaving a park easier?","Consider having a 'last game' before transitions.","transition difficulty","moderate","medium","low","train","yes","draft"
"352","v2","Child was asked to leave a friend's house after play.","3-5","relative-home","Playtime ended","Child threw the toy and said they didn’t want to go home.","Child calmed down after the caregiver suggested a story on the way home.","yes","Change in activity","Frustrated","Caregiver offered a story during the car ride.","What story will make the ride home more enjoyable?","Think about a reward for coming home smoothly.","transition difficulty","moderate","medium","medium","train","yes","draft"
"353","v2","Child struggled to move from one activity to another at daycare.","3-5","daycare","Transition to nap time","Child started crying and clung to a stuffed animal.","Staff reassured the child with comfort and settled them for nap.","yes","Change in activity","Anxiety","Caregiver offered a favorite stuffed toy for comfort.","What soothing techniques work best?","Explore a visual schedule for transitions.","transition difficulty","high","medium","high","train","yes","draft"
"354","v2","Child was asked to stop playing video games for bed.","9-12","home","Bedtime approached","Child became upset and raised their voice, refusing to stop playing.","Child agreed to stop when offered extra time on the weekend.","yes","Change in activity","Frustrated","Caregiver offered a compromise with weekend time.","How can we make bedtime smoother?","Introduce a countdown timer for transitions.","transition difficulty","moderate","medium","low","validation","yes","draft"
"355","v2","Child was asked to leave the grocery store.","6-8","public-store","Shopping completion","Child wandered down the aisle, ignoring the caregiver's call.","Child returned to the caregiver after noticing they were leaving the aisle.","yes","Change in activity","Neutral","Caregiver explained they needed to go home soon.","What strategies can help keep the child close?","Discuss using a special shopping list together.","transition difficulty","low","medium","low","train","yes","draft"
"356","v2","Child needed to come inside after playing in the yard.","6-8","home","Playtime outside","Child lay on the grass and said they were tired.","Child eventually got up and walked inside after a few minutes.","yes","Change in activity","Neutral","Caregiver suggested a snack indoors would be nice.","How can we encourage quicker transitions?","Consider a fun inside activity after outdoor play.","transition difficulty","low","medium","low","train","yes","draft"
"357","v2","Child was leaving the playground to go to a restaurant.","6-8","school-playground","Time to go","Child ran away from the caregiver towards the swings.","Child was brought back gently and reminded of the plan to eat.","yes","Social interaction","Excited","Caregiver praised the child for listening after they returned.","How can we keep them focused on the next activity?","Try using visual reminders for the day's schedule.","transition difficulty","moderate","complex","validation","","yes","draft"
"358","v2","Child was transitioning from lunch to recess at school.","9-12","school-classroom","Lunch finished","Child packed slowly, chatting with friends instead of moving out.","Child finally joined friends outside after a few reminders.","yes","Social interaction","Happy","Caregiver used a timer to signal the end of lunch.","What can keep the excitement for recess?","Make a fun countdown for transitions.","transition difficulty","low","medium","low","train","yes","draft"
"359","v2","Child needed to stop playing video games to do chores.","9-12","home","Chore time","Child shouted that they didn't want to stop.","Child took a break but complained about it while doing chores.","yes","Change in activity","Frustrated","Caregiver discussed the importance of responsibilities after gaming.","What chores can we make more fun?","Create a chore chart with rewards.","transition difficulty","moderate","medium","low","validation","yes","draft"
"360","v2","Child was asked to leave a public restaurant after dinner.","6-8","public-restaurant","Dinner finished","Child ran towards the door and hesitated to leave.","Child was reassured and walked out after seeing dessert was next.","yes","Change in activity","Excited","Caregiver mentioned dessert while leaving.","How can we handle leaving a fun place?","Discuss a small treat for leaving on time.","transition difficulty","low","medium","low","train","yes","draft"
"361","v2","Child was told it was time to transition from playing to bedtime.","3-5","home","Bedtime routine","Child threw their blanket and said no to bedtime.","Child calmed down after the caregiver read a story.","yes","Change in activity","Frustrated","Caregiver offered a book to read together.","What story will be the favorite tonight?","Try a bedtime routine chart.","transition difficulty","moderate","medium","medium","train","yes","draft"
"362","v2","Child was asked to get ready for school.","9-12","home","Morning routine","Child sat on the floor, fiddling with their backpack.","Child finally got up and started organizing their things when prompted.","yes","Change in activity","Neutral","Caregiver reminded them of the time.","How can we encourage getting ready faster?","Consider a morning checklist together.","transition difficulty","low","medium","low","train","yes","draft"
"363","v2","Child was leaving a relative's house after visiting.","6-8","relative-home","Visit ended","Child started playing with a toy and ignored the request to leave.","Child was helped to pack the toy and waved goodbye after reassurance.","yes","Change in activity","Happy","Caregiver suggested a playdate next time.","What can we do to make goodbyes easier?","Discuss planning for the next visit together.","transition difficulty","low","medium","medium","train","yes","draft"
"364","v2","Child was asked to leave the playground after a long play.","6-8","school-playground","Playtime ended","Child climbed on the jungle gym and refused to come down.","Child eventually climbed down after seeing other children leave.","yes","Change in activity","Neutral","Caregiver waited patiently at the bottom.","How can we encourage leaving after play?","Suggest a favorite game to play next time.","transition difficulty","moderate","complex","validation","","yes","draft"
"365","v2","Child was transitioning from art class to gym class.","9-12","school-classroom","Class ended","Child started packing slowly and hesitated to move to the next class.","Child picked up the pace when they heard about a fun activity in gym.","yes","Change in activity","Excited","Caregiver reminded them of the fun that awaited in gym class.","What can encourage a quicker transition?","Consider sharing what’s exciting in the next class.","transition difficulty","low","medium","low","test","yes","draft"
"366","v2","Child was moving from free play to structured group activity.","3-5","daycare","Activity change","Child began to cry and refused to join the group.","Child was comforted and settled in with the group after some time.","yes","Change in activity","Anxiety","Caregiver offered support and encouragement.","How can we help with group activities?","Introduce a familiar face to help ease transitions.","transition difficulty","high","complex","test","","yes","draft"
"367","v2","Child was supposed to leave the store with the caregiver.","9-12","public-store","Shopping completed","Child dashed away down the aisle, not paying attention.","Child was brought back after a few minutes of searching.","no","Social interaction","Worried","Caregiver looked for the child while calling their name.","What strategies can keep them close?","Consider using a hand-holding agreement while shopping.","transition difficulty","high","complex","test","","yes","draft"
"368","v2","Child became upset when asked to leave the playground and started crying loudly.","6-8","school-playground","Transition from playtime to leaving.","Child sat down on the ground and refused to move.","Child eventually got up after a few minutes and walked slowly to the car with caregiver.","yes","Change of activity","Frustration with leaving playtime","Caregiver offered a countdown to leaving.","What can we do to make transitions easier?","Using visual timers for transitions can help.","transition difficulty","low","medium","medium","train","yes","draft"
"369","v2","Child didn't want to go to a relative's house and hid behind the couch.","3-5","relative-home","Getting ready to leave home.","Child clutched a toy tightly and said they wanted to stay home.","Child relaxed after the caregiver promised to return with a treat later.","yes","Change in location","Anxiety about new environment","Caregiver suggested bringing a favorite toy along.","How can we make the visit more enjoyable?","Discussing the fun activities planned can ease anxiety.","transition difficulty","moderate","medium","low","train","yes","draft"
"370","v2","Child walked away from the caregiver in a store to look at toys without asking permission.","9-12","public-store","Entering the toy section.","Child ran toward a display, ignoring the caregiver's call.","Child returned after being reminded to stay close and help pick a toy.","yes","Curiosity about the toys","Excitement to explore","Caregiver explained the importance of staying together for safety.","What strategies can we use to keep them close while shopping?","Creating a shopping list together can keep them engaged.","transition difficulty","high","complex","medium","validation","yes","draft"
"371","v2","Child fussed when it was time to turn off the tablet and move to dinner.","6-8","home","End of screen time.","Child shouted and threw the tablet on the couch.","Child sat quietly at the table after being reminded of the dinner routine.","yes","End of preferred activity","Frustration with limits","Caregiver set a timer for the next screen time.","How can we create smoother transitions from screen time to other activities?","Establishing a routine can help with transitions.","transition difficulty","low","medium","high","test","yes","draft"
"372","v2","Child became resistant when asked to leave the playground, running away from caregiver.","9-12","school-playground","Ending playtime.","Child sprinted away and climbed a structure.","Child climbed down after several calls and went to the caregiver cautiously.","no","Desire to stay playing","Desire to continue playing","Caregiver calmly explained the need to leave for dinner.","What strategies can I use to help them understand transitions?","Offering choices during transitions can help them feel in control.","transition difficulty","moderate","medium","train","","yes","draft"
"548","v2","Child was waiting for their turn at the playground when they jumped in front of another child.","3-5","school-playground","Waiting for a slide","Jumped in front of another child at the slide.","Child was reminded to wait and took a turn after.","yes","Excitement about the slide","Eager to play","Reinforced the importance of taking turns","How can we encourage waiting in other situations?","Use visual timers to help understand wait times.","waiting / turn-taking","low","easy","low","train","yes","draft"
"549","v2","Child was sitting at a table during snack time and took a cracker from a friend's plate.","6-8","school-classroom","Snack time started","Took a cracker from a friend's plate without asking.","Child returned the cracker and apologized.","yes","Hungry and eager to eat","Learning to share","Discussed with the child about asking before taking.","How can we help remind them to ask?","Practice sharing games to build understanding.","waiting / turn-taking","low","medium","low","train","yes","draft"
"550","v2","Child was playing with a toy in a group and began to grab it from another child.","6-8","daycare","Playing with toys together","Grabbed a toy from another child.","Child was guided to ask for a turn instead.","yes","Desire to play with the toy","Wants to play with it first","Encouraged them to ask politely for a turn.","What strategies can we use to promote sharing in play?","Role-play asking for turns during play time.","waiting / turn-taking","moderate","medium","medium","train","yes","draft"
"551","v2","Child was waiting for their turn to speak during a group activity and began to fidget.","9-12","school-classroom","Waiting to answer a question","Started to fidget and make noise while waiting.","Child was reminded to use a quiet hand signal to indicate they were ready.","yes","Impatience while waiting","Trying to get attention","Promoted the use of a hand signal for waiting.","What can help them while they wait?","Introduce a talking stick during discussions.","waiting / turn-taking","low","medium","low","train","yes","draft"
"552","v2","Child was playing a board game with friends and interrupted frequently.","9-12","relative-home","Playing a board game","Interrupted friends while they were taking turns.","Child agreed to wait for their turn after reminders.","yes","Excitement to play","Wants to be involved","Reinforced the value of waiting and listening.","How can we make the game more enjoyable for everyone?","Set a timer for each turn during games.","waiting / turn-taking","low","medium","medium","train","yes","draft"
"553","v2","Child was waiting at a restaurant for a meal and started to get restless.","3-5","public-restaurant","Long wait for food","Started to wiggle in the seat and make noise.","Child calmed down after playing a game on the menu.","yes","Boredom from waiting","Restless and impatient","Engaged the child in a wait-time activity.","What activities can we do to pass the time?","Bring small toys or games to keep busy while waiting.","waiting / turn-taking","low","easy","medium","train","yes","draft"
"554","v2","Child was waiting to play a game on the tablet and insisted on going first.","6-8","other-public","Waiting to use a shared tablet","Insisted loudly that they wanted to go first.","Child took a deep breath and agreed to wait for their turn.","yes","Excitement about the game","Determined to play first","Promoted patience and rewarded waiting with a fun game.","How can we support them in waiting for their turn?","Make a visual schedule of turn-taking.","waiting / turn-taking","moderate","medium","medium","train","yes","draft"
"555","v2","Child was at the park and ran ahead to the swings without waiting for their brother.","6-8","outdoor","Seeing the swings","Ran ahead to play on the swings.","Child was reminded to stay close and wait for their brother.","yes","Excitement about the swings","Eager to play","Emphasized the importance of staying together.","How can we reinforce staying close in busy places?","Use a buddy system where they look out for each other.","waiting / turn-taking","moderate","medium","high","train","yes","draft"
"556","v2","Child was involved in a group game and kept cutting in line.","9-12","school-playground","Playing a group game","Cut into the line during a game.","Child was asked to step back and wait their turn again.","yes","Wanting to join in quickly","Excited to play","Encouraged patience and cooperation among peers.","What can help them understand waiting?","Discuss the benefits of fairness in games.","waiting / turn-taking","moderate","complex","medium","train","yes","draft"
"557","v2","Child was playing at a friend's house and refused to share a toy during playtime.","3-5","relative-home","Toy was introduced in play","Held onto a toy and did not let friends take turns.","Child handed the toy to a friend after discussion.","yes","Desiring to play with the toy first","Protective of their toys","Encouraged them to take turns with explanations.","How can we encourage sharing in playdates?","Model sharing by taking turns with toys.","waiting / turn-taking","moderate","medium","low","train","yes","draft"
"558","v2","Child was in the store and ran ahead to the toy section.","6-8","public-store","Entering the toy aisle","Ran ahead excitedly to look at toys.","Child was called back and reminded to walk together.","yes","Excitement about the toys","In a hurry to see toys","Reinforced the need to stay close in stores.","What strategies can we use to keep them close?","Identify toy areas before shopping to plan ahead.","waiting / turn-taking","moderate","medium","high","train","yes","draft"
"559","v2","Child was at a birthday party and kept grabbing balloons from others.","6-8","other-public","Receiving balloons from a game","Kept reaching for balloons from other children.","Child was reminded to wait and ask before grabbing.","yes","Excitement about the balloons","Desire to have many balloons","Discussed sharing and waiting in party games.","How can we practice waiting in group settings?","Incorporate sharing rules into games.","waiting / turn-taking","moderate","medium","medium","train","yes","draft"
"560","v2","Child was at the playground and wanted to go down the slide first.","9-12","school-playground","Seeing friends take turns on the slide","Ran to the slide and jumped in front of a friend.","Child was reminded to wait their turn and counted to five.","yes","Impatience for fun","Excited to play","Reinforced the concept of taking turns with a countdown.","How can we make waiting fun?","Use timers or fun countdowns to wait.","waiting / turn-taking","low","medium","low","train","yes","draft"
"561","v2","Child was waiting to board the bus and stepped away from the group.","9-12","public-transport","Waiting for the bus","Stepped away to look at something interesting across the street.","Child was called back to stay with the group.","high","Curiosity about surroundings","Distracted by the environment","Discussed the importance of staying close in busy areas.","What can we do to help them stay focused?","Talk about staying safe in public places.","waiting / turn-taking","high","complex","medium","validation","yes","draft"
"562","v2","Child was at the playground and kept moving away from the play area.","9-12","outdoor","Playing with friends","Left the play area to explore alone.","Child was stopped and asked to return to safety.","high","Desire to explore","Curious about surroundings","Guided child back, discussing the importance of staying close.","How can we encourage safe exploration?","Set boundaries on where they can explore.","waiting / turn-taking","high","complex","medium","validation","yes","draft"
"563","v2","Child was at the park and refused to leave the swings after being called.","6-8","public-playground","Transitioning to another activity","Ignored requests and continued swinging.","Child finally got off when promised a fun activity next.","high","Enjoyment of the swings","Not ready to transition","Provided a fun incentive to leave.","How can we make transitions smoother?","Use visuals for activities and transitions.","waiting / turn-taking","high","complex","medium","validation","yes","draft"
"564","v2","Child was waiting to eat at a restaurant and began to pull on the tablecloth.","3-5","public-restaurant","Long wait for food","Pulled on the tablecloth, causing items to slide off.","Child was reminded to keep hands to themselves and play quietly.","yes","Boredom and impatience","Restless during the wait","Redirected to draw on the napkins.","How can we manage waiting in restaurants?","Bring crayons and paper for drawing.","waiting / turn-taking","low","easy","low","validation","yes","draft"
"565","v2","Child was in a group activity and kept jumping ahead in the line.","6-8","school-classroom","Participating in a craft","Jumped ahead to grab supplies before others.","Child was gently reminded to wait for their turn.","yes","Excitement about the activity","Eager to start crafting","Reinforced taking turns with supplies.","What strategies can we use to encourage turn-taking?","Create a visual queue for turns during activities.","waiting / turn-taking","moderate","medium","medium","validation","yes","draft"
"566","v2","Child was in a playgroup and kept interrupting others during storytelling.","3-5","daycare","Listening to a story","Interrupted with comments and questions before others spoke.","Child was guided to wait until others finished.","yes","Eager to participate","Excited about the story","Promoted taking turns in sharing ideas.","How can we help them practice waiting their turn to speak?","Use a talking toy to pass around.","waiting / turn-taking","low","easy","low","validation","yes","draft"
"567","v2","Child was at a family gathering and kept trying to take snacks from the table.","6-8","relative-home","Snacks were served","Tried to grab snacks before others had a chance.","Child was reminded to wait for everyone to be served first.","yes","Hunger and excitement about food","Eager to eat snacks","Reinforced the importance of waiting for turns at family events.","What can we do to teach patience at meals?","Establish a waiting rule for snacks during gatherings.","waiting / turn-taking","low","medium","medium","test","yes","draft"
"568","v2","During snack time, child waited patiently for their turn to pick a snack from the bowl.","3-5","daycare","Snack time was announced.","Child raised their hand to signal they wanted a turn.","Child took a piece of fruit after their turn was called.","yes","Hunger","Excited","Encouraged child to keep waiting patiently.","What snacks do you want to try next time?","Praise children for waiting their turn during group activities.","waiting / turn-taking","low","easy","low","train","yes","draft"
"569","v2","On the playground, child watched peers play on the swings.","6-8","school-playground","Other children were swinging and laughing.","Child stood nearby, waiting for a swing to open up.","No consequence noted","no","Desire to play","Curious","Suggested they ask a friend to play tag instead.","How did it feel to wait for the swing?","Encourage children to engage in alternative games while waiting for their turn.","waiting / turn-taking","low","medium","medium","train","yes","draft"
"570","v2","At a public restaurant, child wanted to play with the menu instead of waiting for food.","9-12","public-restaurant","Food was taking longer than expected to arrive.","Child started flipping the menu loudly and fidgeting in their chair.","Child began to focus on the coloring page after the caregiver suggested it.","yes","Hunger","Frustrated","Redirected the child to a fun activity they could do while waiting.","Would a snack make waiting easier?","Offer quiet activities to help children manage waiting times.","waiting / turn-taking","moderate","medium","medium","validation","yes","draft"
"571","v2","While shopping, child suddenly ran ahead to look at a toy display, leaving the caregiver behind.","6-8","public-store","Saw a toy that excited them.","Child dashed away, ignoring the caregiver’s call to stop.","Child returned to the caregiver after they called their name multiple times.","yes","Excitement","Playful","Gently reminded the child about safety in stores.","How can we make sure to stay close next time?","Discuss boundaries and safety while out together.","waiting / turn-taking","high","complex","high","test","yes","draft"
"572","v2","In the school classroom, child waited for three friends to finish before they could all start a game together.","9-12","school-classroom","Friends were finishing a task before playtime.","Child sat quietly at their desk, looking at the clock.","Child initiated a group discussion about the game as soon as everyone was ready.","yes","Anticipation","Eager","Praised the child for being patient and waiting for everyone.","What game do you think everyone will enjoy?","Encourage collaboration and patience in group settings.","waiting / turn-taking","low","medium","low","train","yes","draft"
